State_x,County_x,Obesity_Rate,FIPS,fast_food_density
AL,Lauderdale,36.5,1077,0.82469368
AK,Kodiak Island,30.3,2150,0.538793087
CA,Riverside,34.0,6065,0.69621098
CO,El Paso,28.1,8041,0.685147822
AZ,Mohave,36.6,4015,0.603114069
AL,Bullock,49.4,1011,0.300721735
AL,Jackson,38.6,1071,0.63975805
CO,Montrose,33.6,8085,0.69248879
MS,DeSoto,39.6,28033,0.833886623
GA,Bulloch,39.1,13031,0.779326797
NY,Herkimer,37.8,36043,0.623512983
VA,Isle of Wight,38.9,51093,0.636182904
AL,Cleburne,39.4,1029,0.534509242
WV,Braxton,39.5,54007,0.510874331
CA,Santa Clara,22.0,6085,0.798068285
AL,Covington,44.6,1039,0.866504192
AL,Lee,35.2,1081,0.911101639
AL,Clarke,44.4,1025,1.159246087
AR,Garland,37.8,5051,0.861818433
CA,San Luis Obispo,28.2,6079,0.9247154
CA,Monterey,32.8,6053,0.666038513
AR,Chicot,44.6,5017,0.604594946
AZ,Apache,39.1,4001,0.194782615
AR,Crawford,39.5,5033,0.504660249
AR,Mississippi,43.2,5093,0.823641002
AL,Marshall,38.6,1095,0.96917206
AR,Conway,41.3,5029,0.285211772
CA,Santa Cruz,29.4,6087,0.696489751
AR,Montgomery,39.8,5097,0.333111256
AR,Polk,37.0,5113,0.405947119
CA,Solano,32.8,6095,0.660051227
AR,White,40.4,5145,0.736704409
AL,Winston,36.3,1133,0.510464549
AL,Bibb,41.4,1007,0.316226959
AL,Marengo,46.1,1091,1.067634702
AR,Searcy,40.8,5129,0.51007396
AK,Prince of Wales-Hyder,37.6,2198,0.488042951
AR,Washington,33.5,5143,0.744194448
CA,Kern,35.9,6029,0.726678073
AZ,La Paz,35.9,4012,0.884543777
AL,Chilton,36.3,1021,0.608149171
CA,Mariposa,32.3,6043,0.349650353
CA,Lake,30.7,6033,0.542812407
AR,Scott,38.4,5127,0.491932303
AR,Faulkner,37.8,5045,0.756387949
AK,Bethel,41.5,2050,0.325432569
AR,Ashley,42.1,5003,0.775634706
AZ,Pima,32.8,4019,0.677550852
AR,Lincoln,39.8,5079,0.463535219
AL,Limestone,35.8,1083,0.479320735
AL,Dallas,50.5,1047,0.692559123
AZ,Graham,40.4,4009,0.510060966
AL,Chambers,45.4,1017,0.973680198
AZ,Pinal,38.9,4021,0.307802379
CA,Colusa,32.2,6011,0.417478442
AR,Pike,37.1,5109,0.375833869
AR,Independence,39.6,5063,0.874010146
AR,Union,41.2,5139,0.811114907
AR,Baxter,41.3,5005,0.6628474
AZ,Coconino,27.0,4005,0.933457792
AL,Coffee,34.1,1031,0.920533538
AK,Anchorage,29.6,2020,0.74191469
AL,Monroe,42.7,1099,0.537660658
AR,Greene,37.6,5055,0.592144191
CA,Marin,23.5,6041,0.773320079
AL,Lawrence,40.7,1079,0.517393529
CA,Butte,31.5,6007,0.737976134
AL,Hale,44.4,1065,0.408997953
AR,Clay,38.1,5021,0.347826093
CA,Napa,28.7,6055,0.566322207
AR,Lonoke,38.0,5085,0.527590275
AR,Phillips,51.3,5107,0.404647678
AL,Shelby,32.1,1117,0.803873062
AR,Perry,37.6,5105,0.290500641
AL,Butler,45.5,1013,1.076702237
AZ,Gila,34.4,4007,0.515625298
AL,Pickens,43.8,1107,0.353660375
AR,Bradley,41.5,5011,0.469968975
AR,Benton,34.2,5007,0.696046054
AR,Sharp,38.0,5135,0.401744723
CA,Placer,25.8,6061,0.878520906
CA,Alpine,29.9,6003,2.680965185
AL,Lamar,38.3,1075,0.508573115
AR,Pulaski,38.4,5119,0.966970325
AL,Wilcox,48.5,1131,0.391926318
AR,Desha,45.2,5041,0.900090039
AR,Cross,38.5,5037,0.929252863
AR,Miller,43.7,5091,0.602172434
AR,Hot Spring,38.6,5059,0.503152072
AL,Colbert,40.9,1033,0.992582679
CA,Glenn,34.1,6021,0.671781659
CA,Mono,29.1,6051,1.65130043
CA,Orange,25.7,6059,0.970046937
AL,Baldwin,36.8,1003,0.750151575
CA,Siskiyou,32.9,6093,0.71684587
CA,Sonoma,28.3,6097,0.645136237
AR,Johnson,39.1,5071,0.64119488
AL,Randolph,40.9,1111,0.436300188
CA,Los Angeles,26.2,6037,0.879006267
AK,Ketchikan Gateway,34.3,2130,0.872917712
AK,Denali,30.8,2068,1.441614628
AL,Cullman,39.7,1043,0.816423118
AL,Franklin,39.6,1059,0.507823646
AR,Woodruff,41.3,5147,0.638569593
AK,Juneau,32.8,2110,0.879148483
AR,Marion,36.8,5089,0.416914821
AL,Russell,46.9,1113,0.910074353
AZ,Yavapai,27.7,4025,0.582784534
CA,Santa Barbara,31.6,6083,0.847636759
AL,Clay,39.6,1027,0.381330073
AR,Sebastian,35.9,5131,0.830786109
CA,Mendocino,29.4,6045,0.720419228
AZ,Cochise,32.9,4003,0.502157688
AL,Mobile,42.2,1097,0.780197501
CA,San Diego,25.4,6073,0.853432059
AL,Escambia,43.5,1053,0.88200438
CA,San Bernardino,35.1,6071,0.773347855
AZ,Yuma,42.3,4027,0.619766414
AL,Pike,40.6,1109,1.061699986
AL,Walker,42.9,1127,0.744342208
AK,Sitka,32.3,2220,0.356930405
AR,Franklin,40.1,5047,0.335251719
AR,Craighead,37.5,5031,0.810726523
AR,Clark,40.4,5019,0.814369082
AR,Crittenden,41.5,5035,0.77704972
AR,Carroll,35.6,5015,0.495119542
AR,Nevada,41.5,5099,0.370416105
AR,Lee,44.9,5077,0.35240221
AR,Fulton,39.0,5049,0.242306754
AR,Little River,38.9,5081,0.656814456
AK,Petersburg,30.4,2195,1.516990304
AL,DeKalb,38.9,1049,0.544251859
AR,Monroe,43.4,5095,1.518833518
CA,Plumas,29.1,6063,0.579954684
AR,Izard,36.9,5065,0.293836772
AR,Howard,39.7,5061,0.839118183
CA,Imperial,38.5,6025,0.610205948
CA,Madera,35.2,6039,0.507096171
AL,Henry,38.3,1067,0.638680816
AR,Lawrence,41.5,5075,0.304692268
CA,Contra Costa,28.4,6013,0.678623259
AK,Fairbanks North Star,32.1,2090,0.449550986
AR,Poinsett,40.8,5111,0.687196672
AL,Tallapoosa,41.9,1123,0.647845924
AL,Dale,44.3,1045,0.612757623
CA,Lassen,32.8,6035,0.533049047
AL,Autauga,38.4,1001,0.801496148
CA,Merced,34.5,6047,0.529987276
AL,Choctaw,45.8,1023,0.644226134
AK,Matanuska-Susitna,31.4,2170,0.426446974
CA,Fresno,39.0,6019,0.731328666
AL,Calhoun,38.3,1015,0.916549921
AR,Van Buren,37.0,5141,0.483646691
CA,Amador,27.3,6005,0.573809326
CA,San Mateo,21.4,6081,0.767498195
CA,Nevada,29.9,6057,0.622452438
AK,Kenai Peninsula,32.0,2122,0.757397234
AK,North Slope,40.7,2185,0.430385202
AZ,Navajo,38.5,4017,0.651134551
CA,Inyo,29.9,6027,0.997450948
AL,Montgomery,44.6,1101,1.112896681
CA,Sacramento,33.9,6067,0.772217631
AL,Geneva,38.2,1061,0.567945182
AR,Arkansas,40.9,5001,0.690329611
AR,Saline,37.2,5125,0.556595266
AK,Southeast Fairbanks,37.3,2240,0.57496047
AL,Elmore,36.4,1051,0.632926822
AL,Morgan,38.7,1103,0.78409785
AR,St. Francis,44.5,5123,0.445668906
AR,Madison,36.0,5087,0.300408542
AL,Houston,37.5,1069,1.135297418
CA,Kings,31.9,6031,0.674560547
AL,Blount,37.3,1009,0.414658159
AL,Talladega,42.6,1121,0.66262424
AR,Cleburne,36.6,5023,0.92239821
AL,Etowah,41.3,1055,0.830313265
CA,El Dorado,24.8,6017,0.673837006
AR,Dallas,44.0,5039,0.441046745
AL,Madison,35.7,1089,0.956640244
AR,Drew,41.6,5043,0.778772891
CA,San Joaquin,33.8,6077,0.658882499
AR,Jefferson,44.5,5069,0.887162149
AR,Columbia,41.1,5027,0.900090039
AL,Marion,39.5,1093,0.908999085
AL,Crenshaw,40.3,1041,0.51165849
AR,Lafayette,42.9,5073,0.45482111
AL,St. Clair,33.0,1115,0.694299042
AR,Stone,37.2,5137,0.710115194
AZ,Santa Cruz,32.4,4023,0.320458055
AK,Haines,32.6,2100,1.530221939
AL,Macon,47.7,1087,0.72645992
CA,San Francisco,17.7,6075,1.152773023
AL,Fayette,39.2,1057,0.554153085
AR,Jackson,40.6,5067,0.420774221
AL,Cherokee,40.2,1019,0.684566796
CA,Calaveras,29.4,6009,0.60464716
CA,Del Norte,33.8,6015,0.321796328
AL,Barbour,43.8,1005,0.976046205
AR,Grant,35.5,5053,0.271017402
AR,Hempstead,41.2,5057,0.799887061
AL,Tuscaloosa,41.4,1125,0.849315345
AR,Ouachita,42.5,5103,0.64747268
CA,Shasta,28.7,6089,0.714975953
AL,Sumter,45.2,1119,0.654396713
AR,Yell,38.7,5149,0.519333363
AR,Boone,39.4,5009,0.637873769
AL,Jefferson,39.7,1073,1.040678024
AR,Pope,36.1,5115,0.854913414
CA,Humboldt,33.1,6023,0.622328222
AR,Sevier,41.5,5133,0.41911149
AL,Conecuh,44.7,1035,0.67504853
AR,Randolph,37.4,5121,0.493231773
AR,Logan,37.7,5083,0.513778627
CA,Alameda,19.4,6001,0.827155709
CA,San Benito,29.1,6069,0.515182257
AZ,Maricopa,32.7,4013,0.739012897
CO,Gunnison,23.7,8051,0.909452617
GA,Heard,41.0,13149,0.250563771
GA,Burke,44.8,13033,0.618156135
FL,Hardee,40.3,12049,0.410111099
FL,Pinellas,32.2,12103,0.740170479
GA,Houston,39.3,13153,0.95559305
CO,Douglas,20.9,8035,0.620928645
FL,DeSoto,44.2,12027,0.311526477
GA,Emanuel,42.7,13107,0.755320549
FL,Pasco,34.7,12101,0.473342061
FL,St. Johns,26.5,12109,0.627881527
FL,Columbia,38.3,12023,0.715721071
GA,Coweta,44.1,13077,0.662914574
GA,Berrien,38.7,13019,0.463726312
FL,Gulf,38.4,12045,0.591103911
GA,Habersham,36.8,13137,0.651508212
CO,Rio Grande,26.4,8105,0.354107648
FL,Osceola,31.0,12097,0.713701785
GA,Lamar,41.5,13171,0.41534707
GA,Chattooga,39.0,13055,0.523286223
GA,Dooly,44.0,13093,0.759070873
GA,Camden,38.1,13039,0.794395924
CO,Moffat,29.6,8081,0.760803401
FL,Nassau,32.5,12089,0.669498324
CO,Denver,23.8,8031,0.895942807
CO,Larimer,21.1,8069,0.793501079
CO,Chaffee,25.3,8015,1.113208413
GA,Columbia,36.0,13073,0.68588388
CO,Alamosa,31.9,8003,0.988875151
CO,Archuleta,24.9,8007,0.563539028
CO,Boulder,18.6,8013,0.886386633
FL,Flagler,33.4,12035,0.481211632
GA,Bleckley,42.0,13023,0.69471246
FL,Hamilton,39.5,12047,0.413194686
FL,Broward,31.8,12011,0.72161603
CO,San Juan,27.4,8111,6.684492111
CO,Teller,26.9,8119,0.626738191
FL,Martin,27.6,12085,0.703321636
FL,Suwannee,44.8,12121,0.512809098
FL,Gadsden,44.3,12039,0.530070484
GA,Candler,44.0,13043,0.910332263
CA,Tulare,38.0,6107,0.614491761
CO,Garfield,26.7,8045,0.844846427
FL,Orange,32.8,12095,0.854459882
GA,Brooks,42.1,13027,0.520935059
DE,New Castle,37.6,10003,0.854805887
CA,Tuolumne,31.0,6109,0.476932943
GA,Hall,35.0,13139,0.692188919
GA,Decatur,39.8,13087,0.907132328
GA,Effingham,38.6,13103,0.456169695
GA,Crisp,44.8,13081,1.043841362
GA,Hancock,47.5,13141,0.588650823
GA,Harris,32.7,13145,0.277161866
GA,Coffee,41.4,13069,0.786709249
FL,Clay,35.6,12019,0.60873878
CA,Stanislaus,34.7,6099,0.707168579
FL,Wakulla,37.3,12129,0.349660546
FL,Escambia,32.6,12033,0.663845837
GA,Liberty,45.9,13179,1.047552586
FL,Washington,41.1,12133,0.694123089
FL,Brevard,32.9,12009,0.619598031
GA,Butts,40.2,13035,0.707936764
FL,Dixie,43.6,12029,0.410388708
GA,Fannin,38.9,13111,0.829531312
FL,Okaloosa,33.6,12091,0.883375645
CA,Tehama,32.5,6103,0.511675477
FL,Marion,39.1,12083,0.527424753
GA,DeKalb,33.5,13089,0.864819169
FL,Bay,35.3,12005,0.904729128
GA,Early,45.1,13099,0.896682262
GA,Haralson,33.8,13143,0.592436552
FL,Monroe,29.7,12087,0.906630576
GA,Greene,39.2,13133,0.53087008
FL,Collier,27.4,12021,0.572558403
GA,Chatham,36.1,13051,1.074403286
FL,Hillsborough,31.4,12057,0.61884284
FL,Okeechobee,40.1,12093,0.378277421
GA,Clinch,44.9,13065,0.911577046
GA,Dougherty,44.4,13095,1.133249283
FL,Seminole,31.4,12117,0.784527123
GA,Dawson,34.7,13085,1.327776313
FL,Sumter,35.1,12119,0.273345888
GA,Jackson,41.5,13157,0.511817753
FL,St. Lucie,34.7,12111,0.507138491
CA,Ventura,28.9,6111,0.772533894
CO,Prowers,31.6,8099,1.073847651
CO,Montezuma,30.2,8083,0.643744349
GA,Catoosa,36.6,13047,0.779457629
FL,Jackson,42.7,12063,0.650971055
GA,Laurens,41.5,13175,0.926081836
FL,Gilchrist,36.9,12041,0.423616618
GA,Bartow,37.8,13015,0.685394704
CO,Fremont,29.2,8043,0.355150729
FL,Madison,36.5,12079,0.588015199
CO,Jefferson,24.9,8059,0.730348706
FL,Indian River,33.0,12061,0.541478455
FL,Putnam,39.8,12107,0.454454333
GA,Gordon,40.0,13129,0.663491011
GA,Jefferson,44.2,13163,0.786009014
FL,Leon,33.1,12073,1.011981368
GA,Charlton,42.2,13049,0.446760982
FL,Lee,31.1,12071,0.541246653
GA,Crawford,41.1,13079,0.245278388
CO,San Miguel,24.7,8113,1.480567575
GA,Floyd,40.1,13115,0.821467698
CO,Weld,31.2,8123,0.541943729
CO,Adams,34.0,8001,0.673228383
CO,Routt,24.4,8107,0.899843514
FL,Alachua,33.0,12001,0.796407342
GA,Brantley,39.2,13025,0.312467456
GA,Baldwin,39.8,13009,1.064325094
GA,Johnson,42.8,13167,0.517223537
CA,Yuba,32.6,6115,0.399201602
CA,Sutter,32.0,6101,0.66400373
CO,Broomfield,24.6,8014,1.010576487
CO,Clear Creek,25.7,8019,0.938869178
CO,Park,25.3,8093,0.26378265
CO,Arapahoe,25.7,8005,0.765074849
GA,Clayton,45.4,13063,0.731258929
FL,Sarasota,28.8,12115,0.469033629
CO,Mesa,30.3,8077,0.687647402
CO,Otero,31.6,8089,0.769188523
CO,Delta,29.0,8029,0.611581445
CO,Lincoln,30.3,8073,0.704225361
GA,Hart,36.1,13147,0.53018254
GA,Gwinnett,33.3,13135,0.972813189
GA,Barrow,39.9,13013,0.490722984
CO,Lake,26.2,8065,0.500813842
CO,Eagle,22.6,8037,0.928471327
FL,Baker,37.6,12003,0.541162133
FL,Holmes,36.3,12059,0.25518015
CO,Rio Blanco,27.9,8103,0.630715847
GA,Jeff Davis,41.3,13161,0.65733254
CO,Morgan,31.3,8087,0.760167241
FL,Volusia,33.9,12127,0.605524182
CO,Las Animas,31.6,8071,1.248266339
GA,Lee,36.7,13177,0.496130198
CO,Phillips,30.6,8095,0.686970472
FL,Walton,31.1,12131,0.782799304
GA,Bryan,37.1,13029,0.736105978
CO,Yuma,27.9,8125,0.298596591
CO,Grand,24.9,8049,1.07635808
CO,Summit,22.7,8117,1.632333279
GA,Grady,41.8,13131,0.653301239
FL,Franklin,37.6,12037,0.409802467
GA,Dade,36.0,13083,0.747337639
GA,Forsyth,31.3,13117,0.68966341
GA,Fulton,30.0,13121,1.132353544
FL,Charlotte,34.4,12015,0.400593698
FL,Calhoun,43.6,12013,0.497229725
GA,Dodge,44.6,13091,0.488949746
CO,Elbert,25.0,8039,0.183063015
FL,Highlands,36.2,12055,0.478249043
CO,Pitkin,21.1,8097,1.341231704
GA,Bibb,48.5,13021,1.185043573
CO,Kit Carson,30.2,8063,0.983008027
GA,Clarke,37.0,13059,0.970304012
CO,Huerfano,28.7,8055,0.581141949
FL,Bradford,38.8,12007,0.559577525
FL,Manatee,33.9,12081,0.481495261
GA,Cobb,28.9,13067,0.965994895
FL,Palm Beach,30.5,12099,0.659326077
GA,Elbert,42.4,13105,0.5689165
CO,Pueblo,31.4,8101,0.61240232
GA,Glynn,35.9,13127,1.005048633
FL,Hendry,38.6,12051,0.490505219
CA,Yolo,28.5,6113,0.709968686
GA,Bacon,41.3,13005,0.996737957
GA,Jenkins,44.5,13165,0.914703846
GA,Carroll,36.9,13045,0.830366731
FL,Duval,33.1,12031,0.869944811
FL,Union,42.5,12125,0.263469905
GA,Franklin,36.7,13119,0.850919008
GA,Chattahoochee,43.1,13053,0.568666458
FL,Miami-Dade,30.3,12086,0.653417826
DE,Kent,39.3,10001,0.62076962
GA,Douglas,42.8,13097,0.810876548
GA,Jones,39.9,13169,0.277903229
GA,Cook,40.7,13075,0.867503345
FL,Hernando,33.4,12053,0.523159862
DE,Sussex,38.6,10005,0.765617549
GA,Evans,44.8,13109,0.846023679
GA,Lincoln,37.5,13181,0.373552471
FL,Taylor,42.8,12123,0.694444418
FL,Citrus,34.5,12017,0.450950921
FL,Santa Rosa,31.1,12113,0.586869955
CA,Trinity,32.4,6105,0.491159141
GA,Colquitt,40.4,13071,0.658732593
GA,Fayette,31.3,13113,0.975643456
GA,Gilmer,36.7,13123,0.656701505
GA,Henry,39.3,13151,0.790335357
FL,Jefferson,37.9,12065,0.481331229
GA,Banks,36.7,13011,0.723439455
CO,Logan,30.0,8075,0.591608286
GA,Cherokee,35.1,13057,0.64838618
GA,Appling,40.7,13001,0.763983607
GA,Ben Hill,41.9,13017,0.662092209
CO,Ouray,24.8,8091,1.199760079
GA,Atkinson,42.1,13003,0.595734537
GA,Jasper,39.5,13159,0.483325273
FL,Polk,41.6,12105,0.525148034
FL,Levy,38.5,12075,0.544842958
FL,Lake,34.8,12069,0.476707906
GA,Lanier,41.1,13173,0.465679437
CO,La Plata,24.8,8067,0.990028977
ID,Power,37.7,16077,0.523354709
GA,Murray,38.0,13213,0.674460411
IL,McHenry,34.2,17111,0.768255055
GA,Toombs,42.5,13279,1.075149179
GA,Morgan,36.1,13211,0.967610538
GA,Pickens,36.7,13227,0.633924007
ID,Caribou,32.8,16029,0.421170861
GA,Treutlen,43.4,13283,0.439753741
IL,Wayne,37.1,17191,0.436653972
IL,Mason,35.2,17125,0.607302845
HI,Honolulu,26.2,15003,1.046869397
HI,Maui,24.1,15009,0.750437737
ID,Teton,28.8,16081,0.319974393
GA,Towns,37.0,13281,0.816526473
IN,Clay,42.3,18021,0.495313585
IL,Massac,38.0,17127,0.80668819
IL,Cass,38.5,17017,0.670859516
IL,Crawford,36.8,17033,0.756266177
GA,Madison,39.0,13195,0.459664434
GA,Wayne,41.3,13305,0.732771516
IN,Boone,35.5,18011,0.6200701
IL,Washington,35.8,17189,0.508573115
IL,Adams,39.5,17001,0.52482903
IL,Alexander,43.0,17003,0.545752227
IL,Moultrie,35.6,17139,0.209102944
IL,Kankakee,40.3,17091,0.801149249
ID,Bonneville,35.2,16019,0.671393692
GA,Tattnall,46.1,13267,0.512517273
IL,Champaign,35.5,17019,0.874794424
IL,DeKalb,35.7,17037,0.880458593
IL,McDonough,39.3,17109,0.853387952
IL,Shelby,37.2,17173,0.469505608
GA,Oconee,32.9,13219,0.778134406
IN,Bartholomew,34.0,18005,0.793397069
IL,Clinton,35.3,17027,0.534787953
GA,Troup,41.5,13285,0.854530454
ID,Washington,38.5,16087,0.772200763
ID,Payette,37.4,16075,0.282588512
ID,Benewah,34.0,16009,0.636267245
IN,Floyd,36.4,18043,0.861457407
GA,Mitchell,46.8,13205,0.648088157
IL,Marion,38.5,17121,0.620866537
GA,Upson,41.7,13293,0.753948808
IL,De Witt,36.5,17039,0.780843318
GA,Stephens,37.5,13257,0.651166379
IL,Wabash,37.6,17185,0.714924037
GA,Thomas,38.7,13275,0.8563959
IL,Lee,37.5,17103,0.624126971
IN,Adams,40.0,18001,0.502246141
IL,Iroquois,38.3,17075,0.524128616
IL,Winnebago,38.5,17201,0.782097101
IL,Greene,37.5,17061,0.708549857
IL,Livingston,38.2,17105,0.508273542
ID,Gooding,37.4,16047,0.512229502
GA,Telfair,45.6,13271,0.506938696
ID,Bonner,26.7,16017,0.576713562
ID,Nez Perce,35.5,16069,0.760642886
IL,Jo Daviess,34.2,17085,0.47083196
IL,Madison,35.8,17119,0.753898025
IL,Jefferson,38.8,17081,0.832550049
GA,Seminole,42.4,13253,0.372208446
IL,Williamson,38.4,17199,0.798012495
IL,Montgomery,36.2,17135,0.641825616
IL,Vermilion,41.0,17183,0.561084747
GA,Long,41.3,13183,0.198304489
GA,Marion,39.9,13197,0.352278054
GA,Putnam,42.1,13237,0.444049746
GA,Tift,41.9,13277,1.129693747
IL,Bureau,37.8,17011,0.309568763
IL,Boone,39.5,17007,0.56842941
IL,Union,37.6,17181,0.66674751
IN,Allen,38.3,18003,0.748324752
IN,Brown,36.9,18013,0.33086288
GA,Meriwether,40.7,13199,0.378000379
GA,Pike,34.2,13231,0.418388158
GA,Newton,42.3,13217,0.644335568
IL,Tazewell,35.2,17179,0.80289346
IL,Lawrence,37.8,17101,0.452576458
IL,Douglas,36.7,17041,0.871348023
GA,Muscogee,41.7,13215,1.186100721
IL,Clark,35.0,17023,1.047943354
IL,Will,36.6,17197,0.746305525
IL,Saline,39.6,17165,0.819601417
IL,Pike,37.3,17149,0.393726617
ID,Owyhee,34.6,16073,0.741778612
IL,Edgar,37.4,17045,0.771147251
IL,Edwards,37.2,17047,0.471994966
ID,Boundary,30.9,16021,0.474083453
IN,Elkhart,42.5,18039,0.727586687
IL,Macon,37.1,17115,0.708634675
IL,Whiteside,35.3,17195,0.622072577
ID,Twin Falls,36.5,16083,0.848310709
IL,Hancock,35.1,17067,0.459189534
IL,Grundy,35.1,17063,0.960916221
IL,Mercer,36.8,17131,0.394088656
HI,Kauai,22.8,15007,1.155168295
IL,Cumberland,37.2,17035,0.375622123
IN,Blackford,37.5,18009,0.594126642
IN,Franklin,37.7,18047,0.702956796
ID,Bear Lake,33.6,16007,0.651147664
IL,Perry,39.5,17145,0.580720067
ID,Kootenai,34.3,16055,0.726727128
IN,Cass,40.3,18017,0.748903394
IL,Rock Island,37.4,17161,0.844528675
ID,Blaine,25.5,16013,1.109877944
IL,Lake,31.9,17097,0.831900001
GA,Walton,35.8,13297,0.547096789
GA,Oglethorpe,36.0,13221,0.260027289
ID,Shoshone,34.8,16079,0.387266666
IN,Fountain,39.0,18045,0.666222513
GA,Walker,41.8,13295,0.356552005
ID,Madison,36.6,16065,0.967309892
ID,Jefferson,37.2,16051,0.359700471
IL,Jackson,39.0,17077,0.670489609
IL,Henry,34.7,17073,0.495755106
ID,Elmore,36.5,16039,0.510055363
GA,Terrell,47.1,13273,0.586647868
GA,Wilkes,43.9,13317,0.515782952
IL,Richland,37.4,17159,0.838331103
IN,Dearborn,35.1,18029,0.582048833
ID,Jerome,40.1,16053,0.569615126
GA,Whitfield,36.9,13313,0.847482085
HI,Hawaii,26.0,15001,0.786859453
IL,Bond,37.6,17005,0.430451363
GA,Washington,43.0,13303,0.645161271
IL,Christian,36.4,17021,0.46765393
IN,Carroll,38.8,18015,0.444927812
GA,Lumpkin,35.1,13187,0.526531339
ID,Custer,32.8,16037,1.176747441
IL,Ogle,35.9,17141,0.715620399
IL,Carroll,36.0,17015,0.351098925
IL,Kendall,36.4,17093,0.635343492
IL,Fayette,37.2,17051,0.564334095
IL,Logan,38.8,17107,0.458020657
ID,Ada,28.7,16001,0.768609941
IL,Randolph,37.7,17157,0.70173198
ID,Valley,33.5,16085,1.356852055
ID,Bannock,36.8,16005,0.709499419
GA,Screven,42.3,13251,0.428204387
GA,Rockdale,44.9,13247,1.022663593
GA,Sumter,44.0,13261,0.819616139
IL,Warren,37.7,17187,0.419262111
GA,Randolph,48.6,13243,0.598623157
ID,Minidoka,34.8,16067,0.235671192
IL,Woodford,34.2,17203,0.525058389
ID,Bingham,41.1,16011,0.466081947
IL,Effingham,35.5,17049,1.115514517
ID,Latah,29.1,16057,0.808229268
IL,DuPage,29.4,17043,0.958058
GA,Polk,41.7,13233,0.770308137
IL,Marshall,37.0,17123,0.618976057
IN,Daviess,38.3,18027,0.447694361
IN,Delaware,39.8,18035,0.793273032
IL,Kane,37.3,17089,0.66665411
IL,Henderson,37.2,17071,0.45906657
ID,Fremont,33.7,16043,0.756544113
IL,Schuyler,39.3,17169,0.445235968
IL,Johnson,36.5,17087,0.566434681
IL,Hamilton,37.8,17065,0.494804561
GA,Lowndes,39.5,13185,0.955457091
IL,Morgan,37.3,17137,0.74850297
GA,Ware,39.5,13299,1.11650753
GA,McDuffie,43.7,13189,1.039599299
IN,Clark,41.2,18019,0.846846521
GA,Pierce,39.6,13229,0.66591537
GA,Macon,48.3,13193,0.550660789
IN,DeKalb,37.5,18033,0.641172409
GA,Peach,42.7,13225,0.966010749
ID,Canyon,37.7,16027,0.480905116
GA,Turner,43.7,13287,1.014970779
IL,Sangamon,38.3,17167,0.97481972
IL,Macoupin,38.1,17117,0.403886288
IL,Monroe,32.6,17133,0.5757218
IN,Dubois,38.4,18037,0.822716355
GA,Spalding,40.2,13255,0.801020563
GA,Rabun,36.7,13241,0.926301181
GA,Worth,39.1,13321,0.450630873
IN,Fayette,41.1,18041,0.829984248
GA,Union,37.1,13291,0.709835172
GA,Paulding,38.5,13223,0.484543622
IL,Clay,38.3,17025,0.841042876
IL,LaSalle,36.6,17099,0.650732994
IL,Coles,38.5,17029,0.873310447
ID,Idaho,32.6,16049,0.416097015
GA,McIntosh,41.8,13191,0.834086299
ID,Cassia,38.6,16031,0.906207502
IL,Brown,40.6,17009,0.611060202
ID,Lemhi,32.9,16059,0.496647626
ID,Gem,31.4,16045,0.588140965
GA,Montgomery,42.7,13209,0.332889467
IL,Franklin,39.6,17055,0.709406197
GA,Taylor,42.7,13269,0.371563047
IL,Piatt,33.8,17147,0.550290406
ID,Franklin,33.1,16041,0.562785804
IL,McLean,35.4,17113,0.811650395
IN,Clinton,39.1,18023,0.683102548
GA,Monroe,37.7,13207,0.570572734
IL,Cook,32.8,17031,0.899715066
ID,Oneida,32.2,16071,1.106194735
IL,St. Clair,38.2,17163,0.759554505
IL,Menard,35.3,17129,0.41431886
GA,Pulaski,43.5,13235,0.893575191
IL,Stephenson,42.1,17177,0.501927853
ID,Clearwater,32.8,16035,0.452181786
GA,White,35.5,13311,0.739692569
IL,Jasper,35.0,17079,0.633914411
IL,Jersey,37.8,17083,0.647668421
IL,Ford,38.0,17053,0.617808342
IL,Knox,38.8,17095,0.835830629
IN,Benton,40.3,18007,0.343210161
IL,Peoria,35.6,17143,0.782428563
IL,Fulton,39.3,17057,0.474918365
IN,Decatur,41.6,18031,0.752332211
IL,White,38.1,17193,0.374139488
GA,Richmond,44.4,13245,0.851152301
IA,Howard,37.3,19089,0.435919791
IN,Vanderburgh,39.3,18163,0.942739546
IN,Madison,39.6,18095,0.562919796
IN,Newton,41.5,18111,0.431437403
IN,Fulton,41.8,18049,0.499550402
KS,Marion,38.7,20115,0.429110885
IN,St. Joseph,37.8,18141,0.747742057
IN,Jennings,41.8,18079,0.436125755
IA,Clay,40.6,19041,1.001502275
KS,Atchison,40.5,20005,0.37464878
IA,Woodbury,38.5,19193,0.862921536
IN,Warrick,39.8,18173,0.426749289
IN,Pike,41.7,18125,0.242365494
IA,Ida,37.3,19093,0.585394382
IA,Pocahontas,37.2,19151,0.454063863
IA,Carroll,42.0,19027,0.753238916
IA,Greene,41.5,19073,0.454803854
IN,Wayne,39.4,18177,0.668916643
IN,Porter,37.0,18127,0.731079638
KS,Ford,38.7,20057,0.604339182
IA,Cedar,38.3,19031,0.378685415
KS,Jackson,43.3,20085,0.531470656
IA,Winnebago,39.0,19189,0.291913986
IN,Hamilton,27.9,18057,0.795960963
IN,Morgan,37.8,18109,0.523286223
IA,Wright,41.8,19197,0.644329906
KS,Allen,41.3,20001,0.403258324
IN,Lawrence,39.8,18093,0.439599097
KS,Harvey,37.3,20079,0.699892104
IA,Jasper,39.2,19099,0.484548301
IA,Page,43.9,19145,0.331718981
IN,Pulaski,41.4,18131,0.484339684
KS,Franklin,34.2,20059,0.583589435
IA,Henry,40.9,19087,0.456922382
IA,O'Brien,38.8,19141,0.584838092
IA,Ringgold,41.2,19159,1.041449666
IA,Buena Vista,41.0,19021,0.455189168
IN,Shelby,39.7,18145,0.579438865
IA,Pottawattamie,42.6,19155,0.760757744
IN,Tipton,36.1,18159,0.525382519
IA,Johnson,30.9,19103,0.741511643
IN,Jay,42.1,18075,0.538793087
IN,Parke,38.3,18121,0.23709324
IA,Appanoose,43.3,19007,0.724054694
IA,Keokuk,40.1,19107,0.396628648
IN,Whitley,34.6,18183,0.610855758
IN,Harrison,36.5,18061,0.442456126
KS,Ellis,41.4,20051,1.220745683
KS,Barber,41.9,20007,0.688389182
IN,Lake,38.1,18089,0.93121326
IA,Dickinson,36.9,19059,1.082682729
KS,Cherokee,42.0,20021,0.558914661
KS,Anderson,36.4,20003,0.377405971
IA,Cass,44.9,19029,0.624171019
IA,Hancock,36.2,19081,0.571047902
IA,Jefferson,37.4,19101,0.545048237
IN,Union,40.3,18161,0.561876655
IN,Marshall,35.9,18099,0.824151993
IA,Polk,38.9,19153,0.75665462
IN,Noble,36.5,18113,0.627195179
IA,Boone,38.6,19015,0.266392648
IN,Grant,43.0,18053,0.766577244
KS,Leavenworth,40.1,20103,0.413393974
IN,Sullivan,38.1,18153,0.437360287
IA,Warren,42.1,19181,0.497464836
IN,Marion,39.3,18097,0.847665489
IN,Rush,41.5,18139,0.600636661
IN,Steuben,34.1,18151,0.602911174
IN,Knox,38.2,18083,0.794041932
IA,Harrison,40.1,19085,0.717978179
IA,Montgomery,39.8,19137,0.603925526
IN,Randolph,38.9,18135,0.413376868
KS,Geary,37.0,20061,0.682848096
IN,Tippecanoe,35.1,18157,0.724064946
IA,Cerro Gordo,38.4,19033,0.950051069
IN,Martin,39.6,18101,0.694513321
IN,Monroe,37.6,18105,0.742145061
IA,Monona,40.9,19133,0.697836697
IA,Iowa,35.7,19095,0.309827745
IA,Mills,40.7,19129,0.27089259
IA,Plymouth,37.5,19149,0.753400207
KS,Barton,41.3,20009,0.662561357
IN,Scott,39.5,18143,0.840760052
IN,Spencer,35.7,18147,0.64276886
IA,Buchanan,40.6,19019,0.375816226
IA,Floyd,42.8,19067,0.322997421
IA,Benton,41.7,19011,0.196741953
KS,Finney,43.5,20055,0.751733184
IA,Humboldt,43.4,19091,0.422252715
IN,LaPorte,39.7,18091,0.647438049
IA,Guthrie,39.8,19077,0.372543544
IA,Emmet,38.5,19063,0.549752593
IA,Scott,39.2,19163,0.860197663
IN,Starke,40.1,18149,0.390472472
KS,Labette,43.6,20099,0.510568798
IA,Marshall,40.7,19127,0.557032526
KS,Harper,42.3,20077,0.562218904
IN,LaGrange,42.1,18087,0.224332616
KS,Butler,40.1,20015,0.73143059
IA,Mitchell,44.9,19131,0.281769514
IA,Fayette,39.7,19065,0.519264698
IN,Vermillion,40.8,18165,0.456650794
IA,Union,38.1,19175,0.575799942
KS,Grant,40.8,20067,0.70651406
IA,Adams,38.6,19003,0.836120427
IA,Lee,40.9,19111,0.597371578
IA,Linn,37.3,19113,0.737314224
IA,Dallas,32.2,19049,0.721924841
IN,Jackson,43.2,18071,0.88191396
IA,Black Hawk,39.1,19013,0.764607847
IA,Cherokee,40.2,19035,0.893655062
IN,Greene,40.5,18055,0.403689086
IA,Jackson,41.8,19097,0.416558176
IA,Bremer,39.5,19017,0.355576634
IA,Shelby,35.0,19165,0.524934411
IN,Vigo,41.0,18167,0.834834158
IA,Madison,38.2,19121,0.242116094
KS,McPherson,35.3,20113,0.808492661
IA,Clinton,40.9,19045,0.668218672
KS,Crawford,42.6,20037,0.645494461
IN,Gibson,40.2,18051,0.620842576
IA,Hamilton,35.4,19079,0.203859746
KS,Brown,41.2,20013,0.421851933
KS,Cowley,41.8,20035,0.664202392
IA,Franklin,41.0,19069,0.401163369
KS,Marshall,41.5,20117,0.621632814
IA,Lucas,41.1,19117,0.469593793
IA,Delaware,40.6,19055,0.354254007
IN,Henry,44.4,18065,0.6037516
IN,Orange,41.7,18117,0.610655963
IN,Miami,42.1,18103,0.481204718
IA,Chickasaw,37.7,19037,0.338009119
IA,Washington,40.7,19183,0.272826493
KS,Linn,38.6,20107,0.310752034
IA,Story,35.5,19169,0.773639262
IA,Sac,41.1,19161,0.41653651
IN,Wabash,36.9,18169,0.779625773
KS,Cloud,41.5,20029,1.041425586
KS,Dickinson,38.7,20041,0.547465265
IN,Montgomery,42.6,18107,0.808028162
KS,Clay,40.1,20027,0.747663558
IA,Mahaska,42.4,19123,0.536432743
IA,Clarke,42.5,19039,0.53458786
IN,Ripley,37.4,18137,0.527277827
IA,Palo Alto,41.6,19147,0.678349376
IA,Kossuth,37.6,19109,0.476839244
IN,Perry,40.6,18123,0.5742926
KS,Lyon,39.1,20111,0.938114703
KS,Kingman,40.7,20095,1.003728151
KS,Douglas,37.7,20045,0.889578044
IA,Webster,38.7,19187,0.584404767
IA,Dubuque,41.5,19061,0.748027444
IA,Clayton,40.6,19043,0.635067284
IA,Fremont,36.3,19071,0.891662955
IA,Allamakee,38.3,19005,0.219909102
IA,Marion,38.3,19125,0.633140385
KS,Coffey,39.5,20031,0.367737204
IA,Des Moines,36.6,19057,0.981709182
IA,Sioux,34.0,19167,0.599263787
IN,Washington,41.7,18175,0.425335824
IN,Kosciusko,39.5,18085,0.670988023
IA,Winneshiek,36.5,19191,0.45312658
IA,Muscatine,37.8,19139,0.896353245
IA,Decatur,38.1,19053,0.386150092
IN,Huntington,39.0,18069,0.796812773
IA,Tama,41.3,19171,0.357121587
IN,Johnson,42.1,18081,0.765844584
IA,Poweshiek,42.3,19157,0.544040024
IA,Hardin,39.2,19083,0.42232278
IN,Owen,39.9,18119,0.480007678
IN,Hancock,35.8,18059,0.502809465
IA,Crawford,44.5,19047,0.534632266
IN,Jasper,38.0,18073,0.717703342
IN,Howard,41.9,18067,0.979064941
IN,Wells,40.7,18179,0.568545222
IA,Adair,41.9,19001,0.566652477
IN,Putnam,39.4,18133,0.50708586
IA,Wapello,42.0,19179,0.800342977
IN,White,39.3,18181,0.66211462
KS,Gove,40.2,20063,1.526135087
IA,Jones,39.4,19105,0.291021973
IN,Jefferson,38.4,18077,0.622858942
KS,Bourbon,42.5,20011,0.90058887
IN,Hendricks,38.9,18063,0.77921629
IA,Monroe,37.5,19135,0.386100382
IN,Posey,36.4,18129,0.395647883
KS,Johnson,31.6,20091,0.726260662
LA,Jefferson,39.7,22051,0.895116389
LA,Terrebonne,40.5,22109,0.810129344
KY,Casey,41.4,21045,0.248972982
LA,Morehouse,44.7,22067,0.495315135
KS,Russell,37.0,20167,0.734861851
KY,Marshall,38.5,21157,0.673876047
KY,Shelby,36.1,21211,0.64501822
KY,McLean,39.8,21149,0.661157012
LA,St. James,43.9,22093,0.578954995
LA,Pointe Coupee,42.3,22077,0.464489758
KY,Lyon,38.3,21143,0.491823435
KY,Monroe,39.4,21171,0.568774283
KY,Spencer,36.9,21215,0.45953536
LA,Jackson,40.6,22049,0.706305385
KY,Butler,42.8,21031,0.472329378
LA,St. Mary,44.6,22101,0.724187851
KS,Trego,36.2,20195,1.087744713
KY,Harrison,40.0,21097,0.68710357
KY,Garrard,39.5,21079,0.225746378
LA,Madison,47.4,22065,0.658204019
LA,Livingston,37.2,22063,0.570486367
LA,Iberville,45.7,22047,0.561272204
KY,Hardin,38.9,21093,0.70973599
LA,Washington,43.3,22117,0.589867413
LA,East Baton Rouge,37.9,22033,1.032454133
LA,Caddo,45.9,22017,0.922186792
KY,Taylor,38.2,21217,0.894697964
KY,Wayne,42.1,21231,0.494829029
KY,Rowan,41.5,21205,0.891337812
KY,Carroll,40.4,21041,1.118359685
LA,Ouachita,42.1,22073,0.76752013
LA,St. Charles,37.3,22089,0.547304034
KY,Washington,37.4,21229,0.576273978
KY,Green,42.0,21087,0.545702577
KY,Clark,40.0,21049,0.767901719
ME,Aroostook,41.7,23003,0.583797395
KY,Whitley,41.4,21235,0.823022664
KY,Livingston,41.1,21139,0.33182171
KS,Mitchell,40.1,20123,0.510290861
KY,Mercer,38.4,21167,0.411165416
KS,Shawnee,40.0,20177,0.755686104
KY,Breckinridge,40.1,21027,0.389540821
KY,Graves,40.5,21083,0.461730689
KS,Miami,35.4,20121,0.466010362
KS,Thomas,34.3,20193,1.168527603
KY,Metcalfe,41.7,21169,0.298270047
LA,Union,43.9,22111,0.315741986
LA,LaSalle,39.9,22059,0.79888159
LA,Bienville,46.6,22013,0.462142795
KS,Stevens,40.3,20189,0.556792855
KY,Magoffin,44.8,21153,0.499292672
LA,West Carroll,41.0,22123,0.845387936
KS,Sumner,39.8,20191,0.354327232
LA,Concordia,42.0,22029,0.581579804
KS,Rice,36.9,20159,0.747703493
LA,Sabine,46.4,22085,0.294080585
KS,Sedgwick,33.5,20173,0.905931234
KY,Grant,37.8,21081,0.748414516
KY,Calloway,40.6,21035,0.6361323
KY,Lawrence,39.7,21127,0.583052576
KY,Mason,40.0,21161,0.997945428
KY,Cumberland,42.8,21057,0.459911078
LA,Avoyelles,45.8,22009,0.375319034
LA,St. Landry,48.4,22097,0.466601193
LA,Tangipahoa,42.3,22105,0.716557622
ME,Kennebec,33.6,23011,0.707575917
KY,Letcher,40.6,21133,0.659972668
KY,Pendleton,39.9,21191,0.274235576
KS,Morris,40.4,20127,0.719553888
KY,Fayette,34.9,21067,0.926909626
KY,Todd,39.6,21219,0.401670963
LA,Plaquemines,39.8,22075,0.605719745
LA,West Baton Rouge,40.6,22121,0.895789802
LA,Vermilion,39.1,22113,0.387348861
KY,McCracken,41.6,21145,1.142526388
KY,Morgan,38.7,21175,0.532643437
KY,Leslie,43.7,21131,0.311300188
KY,Greenup,43.8,21089,0.516277075
LA,Lafayette,34.7,22055,1.030350685
KY,Perry,41.0,21193,0.864236355
KY,Hart,38.2,21099,0.315573543
KY,Elliott,42.2,21063,0.406945199
LA,Red River,46.4,22081,0.482741982
KY,Warren,36.3,21227,0.825217485
KY,Bullitt,38.1,21029,0.571901381
LA,Orleans,38.1,22071,1.009048104
KY,Simpson,41.0,21213,1.073249221
KY,Scott,36.4,21209,0.667008698
KY,Boone,38.5,21015,0.967532277
LA,Evangeline,46.3,22039,0.300516903
LA,Caldwell,39.1,22021,0.508181751
LA,East Feliciana,40.3,22037,0.370723426
KS,Montgomery,45.1,20125,0.79360038
KY,Madison,35.9,21151,0.710762203
KY,Breathitt,43.1,21025,0.557768941
LA,Ascension,36.8,22005,0.847161233
KY,Powell,39.7,21197,0.654771626
KY,Lewis,46.3,21135,0.301613629
KY,Jackson,41.9,21109,0.374812603
KY,Logan,40.2,21141,0.474175662
KY,Barren,40.7,21009,0.744920969
KY,Harlan,44.7,21095,0.860517859
KY,Jessamine,36.7,21113,0.702961683
KY,Christian,41.8,21047,0.685525596
KY,Edmonson,42.7,21061,0.245198205
ME,Franklin,33.4,23007,0.666977942
KY,Crittenden,41.0,21055,0.452130675
LA,Allen,40.9,22003,0.471698105
KY,Knott,42.5,21119,0.344542444
KY,Owen,38.8,21187,0.544612885
KS,Wyandotte,41.5,20209,0.665597677
KS,Phillips,37.6,20147,0.965064645
KY,Webster,38.2,21233,0.619051278
KY,Russell,40.0,21207,0.500055552
KY,Hopkins,40.7,21107,0.649321556
ME,Hancock,28.3,23009,0.889485896
KY,Johnson,42.4,21115,0.772657037
LA,Richland,43.3,22083,0.399720192
KS,Scott,41.2,20171,1.043841362
KY,Allen,41.8,21003,0.422475696
KY,Montgomery,42.3,21173,0.674093544
KY,Woodford,35.1,21239,0.709882319
KY,Daviess,35.6,21059,0.725646734
LA,De Soto,40.0,22031,0.433996379
LA,West Feliciana,40.4,22125,0.387972832
LA,Bossier,44.7,22015,0.872127295
LA,Acadia,36.8,22001,0.549113333
KY,Martin,43.3,21159,0.906536102
KS,Pawnee,41.5,20145,0.628338039
KY,Jefferson,37.2,21111,0.896472991
KS,Seward,45.5,20175,0.665462494
KY,Union,38.9,21225,0.623139262
LA,Winn,43.6,22127,0.505816877
KY,Bath,38.4,21011,0.640974283
KS,Wilson,40.5,20205,0.358765841
KY,McCreary,43.2,21147,0.292894393
KY,Lee,43.3,21129,0.550357759
LA,Iberia,43.4,22045,0.623269677
KS,Riley,35.2,20161,0.683041453
KY,Franklin,37.6,21073,0.821628392
LA,Lincoln,42.0,22061,0.859254181
LA,St. Martin,40.9,22099,0.490992188
LA,St. Tammany,35.1,22103,0.732597947
KY,Bourbon,40.5,21017,0.703482211
KY,Clay,43.2,21051,0.560338259
LA,Vernon,39.5,22115,0.605503798
KY,Estill,42.2,21065,0.496137232
LA,Webster,45.7,22119,0.843370318
KY,Meade,37.8,21163,0.34945485
LA,Claiborne,45.1,22027,0.515862763
KY,Muhlenberg,41.4,21177,0.590997159
LA,St. John the Baptist,43.8,22095,0.729137242
LA,Rapides,42.0,22079,0.785582602
LA,Beauregard,36.8,22011,0.527969182
KY,Laurel,41.1,21125,0.636859477
KY,Bell,44.2,21013,1.177301645
KY,Ohio,40.3,21183,0.543955803
KY,Larue,42.3,21123,0.623657405
KS,Pratt,38.7,20151,1.095650315
KY,Carter,42.9,21043,0.79119885
ME,Cumberland,29.4,23005,0.875512838
KY,Adair,37.3,21001,0.511378169
KY,Henry,40.6,21103,0.373436242
ME,Androscoggin,36.4,23001,0.819921315
KY,Trigg,40.3,21221,0.541418493
KY,Oldham,34.2,21185,0.402991086
KY,Campbell,35.5,21037,0.79770261
KY,Grayson,42.2,21085,0.717522681
LA,Lafourche,42.7,22057,0.614779294
KS,Saline,37.9,20169,1.001372218
LA,Assumption,41.2,22007,0.323759317
KY,Caldwell,38.0,21033,0.788208425
KY,Floyd,39.9,21071,0.857780039
KY,Anderson,38.1,21005,0.700740159
LA,Franklin,45.1,22041,0.709831178
KY,Boyd,40.8,21019,1.440364599
KS,Reno,38.0,20155,0.776787043
KY,Pulaski,39.3,21199,0.656188011
KY,Kenton,34.7,21117,0.607327223
KY,Clinton,39.6,21053,0.890207708
KY,Marion,41.1,21155,0.673086882
KS,Neosho,42.8,20133,0.439450055
KY,Knox,40.6,21121,0.805879712
KY,Nelson,34.4,21179,0.581270158
KY,Fulton,45.4,21075,0.672043025
KY,Henderson,40.3,21101,0.737595022
KY,Rockcastle,40.5,21203,0.597014904
LA,St. Bernard,44.1,22087,0.713581145
KY,Boyle,38.0,21021,0.922053516
KY,Lincoln,40.2,21137,0.367857426
LA,Jefferson Davis,42.3,22053,0.640861332
LA,Calcasieu,43.0,22019,0.895184696
KS,Sherman,40.5,20181,1.384801745
KY,Hancock,38.4,21091,0.343170911
KY,Pike,41.2,21195,1.034053683
KY,Fleming,41.0,21069,0.205437243
KS,Pottawatomie,31.2,20149,0.606747031
LA,Natchitoches,45.0,22069,0.610808671
MI,Osceola,38.7,26133,0.383533627
MI,Benzie,35.0,26019,0.672193587
MN,Carver,33.1,27019,0.553652704
MI,Mackinac,38.1,26097,1.383891463
MI,Iron,37.1,26071,0.72293514
MN,Meeker,41.1,27093,0.385587603
MN,Hubbard,40.0,27057,0.367258877
MD,Talbot,31.7,24041,0.946662366
MI,Chippewa,39.3,26033,0.541154802
MD,Carroll,31.5,24013,0.739242554
MI,Oakland,29.7,26125,0.853637815
MI,Wayne,36.7,26163,0.785350978
MI,Emmet,31.4,26047,0.899766088
MI,Kalkaska,35.7,26079,0.499916673
MI,Allegan,31.6,26005,0.554962277
MN,Winona,34.8,27169,0.732890964
MN,Pine,38.9,27115,0.476855487
MN,Renville,38.4,27129,0.347149909
MN,Swift,39.7,27151,0.653879702
MI,Houghton,34.2,26061,0.59784776
MD,Wicomico,36.7,24045,0.894316733
MN,St. Louis,36.7,27137,0.679970562
MN,Le Sueur,38.7,27079,0.173967496
ME,Washington,37.7,23029,0.413052469
MN,Stearns,38.4,27145,0.703538656
MA,Franklin,25.8,25011,0.455405802
MI,Washtenaw,30.1,26161,0.799513221
MI,Macomb,36.7,26099,0.798124909
MN,Yellow Medicine,39.6,27173,0.626304805
MN,Brown,39.9,27015,0.684214771
MD,Worcester,36.2,24047,1.717458963
MN,Morrison,39.8,27097,0.662910163
MN,Big Stone,42.6,27011,0.812512696
MI,Montmorency,38.0,26119,0.321302354
MN,Roseau,33.3,27135,0.19845207
MI,Gladwin,38.1,26051,0.511327863
MD,Montgomery,24.2,24031,0.783406973
MS,Attala,44.4,28007,0.722061753
MI,Barry,33.8,26015,0.354489923
MN,Lyon,45.5,27083,0.910134137
MN,Cook,34.8,27031,0.923020124
MN,Aitkin,36.2,27001,0.567894995
MD,Calvert,33.9,24009,0.719872773
MA,Worcester,32.7,25027,0.691017509
MI,Alcona,36.6,26001,0.475963831
MI,Monroe,38.0,26115,0.670793235
MI,Marquette,32.0,26103,0.729106545
MI,Ionia,38.7,26067,0.43375212
MN,Rice,35.0,27131,0.536640644
MN,Goodhue,36.4,27049,0.647696376
ME,Sagadahoc,30.7,23023,0.665852845
MI,Kent,33.5,26081,0.768170416
MA,Hampden,35.9,25013,0.605621696
MD,Prince George's,36.0,24033,0.930066884
MN,Benton,37.2,27009,0.561550856
MD,Harford,34.8,24025,0.661980867
MI,Isabella,38.5,26073,0.633057117
MN,Sherburne,37.7,27141,0.425053895
MA,Norfolk,27.0,25021,0.69917351
MI,Clinton,35.9,26037,0.589319527
MN,Kanabec,37.8,27065,0.243664712
MI,Iosco,38.2,26069,0.636435986
MI,Eaton,34.9,26045,0.808003783
MI,Van Buren,39.5,26159,0.62273103
MI,Mecosta,33.4,26107,0.501059055
MN,Scott,33.6,27139,0.557439506
MN,Kandiyohi,36.6,27067,0.626014352
MN,Redwood,39.0,27127,0.397904366
MI,Alpena,38.7,26007,0.672852159
MA,Middlesex,22.1,25017,0.814599931
MN,Chippewa,41.6,27023,0.595339358
MI,Montcalm,39.2,26117,0.378095657
MI,Muskegon,43.0,26121,0.695870221
MI,Otsego,34.4,26137,0.767211795
MD,Cecil,37.6,24015,0.609172404
MI,Alger,34.7,26003,0.998336077
MN,Hennepin,27.4,27053,0.824655771
MN,Rock,37.8,27133,0.645091951
MD,Kent,38.9,24029,0.729470611
MN,Polk,38.8,27119,0.485436887
MN,Beltrami,41.1,27007,0.590194345
MN,Koochiching,36.9,27071,0.580479324
MI,Midland,31.1,26111,0.707086444
MS,Alcorn,42.4,28003,0.840358913
MN,Douglas,38.6,27041,0.626174092
MA,Plymouth,30.2,25023,0.612901866
MI,Oceana,37.9,26127,0.335582972
MD,Dorchester,41.8,24019,0.753461242
MI,Huron,38.8,26063,0.717711151
MD,Caroline,38.6,24011,0.507583916
MN,Lake,34.7,27075,0.751950383
MI,Hillsdale,36.8,26059,0.481843263
MI,Ogemaw,38.3,26129,0.621325791
MN,Becker,39.3,27005,0.522405386
MI,Shiawassee,36.1,26155,0.664324284
MN,Itasca,34.6,27061,0.309269249
MI,Grand Traverse,30.8,26055,1.047098041
MI,Kalamazoo,35.7,26077,0.785749733
MN,Anoka,35.9,27003,0.59735328
MN,Blue Earth,42.1,27013,0.908544719
MI,Delta,35.6,26041,0.702010572
MI,Presque Isle,35.9,26141,0.315831035
MI,Luce,39.0,26095,0.489715964
MI,Roscommon,35.4,26143,0.667055786
MN,Crow Wing,38.6,27035,0.639814734
MN,Pennington,30.5,27113,0.288309067
MN,Dodge,37.6,27039,0.333539814
MI,Arenac,38.3,26011,0.869390786
MA,Essex,30.8,25009,0.750698566
MA,Bristol,33.0,25005,0.686351478
MD,Charles,42.9,24017,0.778418362
MI,Antrim,34.8,26009,0.639686108
MI,Gratiot,35.6,26057,0.595784843
MN,Cass,38.1,27021,0.334135264
MS,Adams,43.6,28001,0.891824961
MS,Amite,45.0,28005,0.245800897
MN,Chisago,38.3,27025,0.457794845
MN,Cottonwood,39.3,27033,0.266856432
MN,Houston,38.4,27055,0.268355519
MI,St. Joseph,37.4,26149,0.542334974
MI,Menominee,37.3,26109,0.530785561
MD,Howard,26.9,24027,0.898842156
MN,McLeod,40.3,27085,0.644077301
MI,Dickinson,32.3,26043,0.716788769
MN,Clay,35.1,27027,0.602875233
MI,Schoolcraft,37.5,26153,0.863770962
MD,Allegany,37.3,24001,0.799349129
MI,St. Clair,40.8,26147,0.54616338
MI,Branch,39.6,26023,0.529661
ME,Lincoln,31.8,23015,0.718907237
ME,Penobscot,38.8,23019,0.586858332
MA,Nantucket,28.3,25019,1.58227849
MN,Wabasha,33.1,27157,0.41585806
MI,Jackson,39.7,26075,0.599031329
MI,Gogebic,37.3,26053,0.577951193
MD,St. Mary's,35.2,24037,0.758586407
MI,Ottawa,35.9,26139,0.576985061
MN,Pope,38.1,27121,0.354704261
MN,Watonwan,39.3,27165,0.463306159
MN,Fillmore,37.2,27045,0.61509347
MI,Newaygo,39.2,26123,0.52687037
MI,Baraga,38.3,26013,0.857422829
MN,Lac qui Parle,35.1,27073,0.459629238
MI,Leelanau,31.2,26089,0.689877212
MI,Tuscola,39.4,26157,0.4016141
MN,Martin,38.0,27091,0.718538284
MD,Garrett,37.3,24023,0.935810328
MD,Baltimore,33.2,24005,0.943079889
MI,Charlevoix,36.6,26029,0.881057262
MD,Frederick,31.2,24021,0.773115218
MN,Murray,40.5,27101,0.367872477
MA,Suffolk,28.0,25025,0.969333172
ME,Piscataquis,35.8,23021,0.29418686
MN,Stevens,37.9,27149,0.614439309
MN,Mahnomen,44.3,27087,0.548145413
MN,Wadena,42.9,27159,0.869124353
MD,Washington,42.3,24043,0.813782692
MI,Missaukee,38.3,26113,0.263991565
MI,Sanilac,38.5,26151,0.392666936
MN,Isanti,38.6,27059,0.362065226
ME,Knox,27.9,23013,0.826011837
ME,Waldo,33.5,23027,0.551060796
MN,Dakota,32.9,27037,0.660017073
MI,Genesee,39.1,26049,0.684298694
MN,Pipestone,39.5,27117,0.657822609
MI,Berrien,40.0,26021,0.738441408
MD,Anne Arundel,34.7,24003,0.943757236
MN,Nicollet,36.5,27103,0.754016578
MD,Somerset,43.6,24039,0.43216911
MI,Mason,39.4,26105,0.651488125
MA,Berkshire,28.9,25003,0.842892826
MA,Dukes,28.6,25007,0.973598301
MI,Wexford,38.2,26165,0.770530164
ME,Oxford,36.7,23017,0.464460194
ME,York,29.5,23031,0.827489913
MN,Otter Tail,38.2,27111,0.612859845
MI,Lenawee,42.4,26091,0.623670876
MN,Red Lake,36.8,27125,0.741473079
MN,Wright,37.2,27171,0.527633011
MI,Clare,42.3,26035,0.649962604
MI,Oscoda,36.9,26135,0.717017233
MN,Todd,40.5,27153,0.283034116
MN,Faribault,37.2,27043,0.441144019
MI,Cheboygan,36.8,26031,0.670214891
MN,Carlton,41.2,27017,0.251614541
MN,Ramsey,32.6,27123,0.74100709
MA,Hampshire,27.7,25015,0.625770569
MI,Calhoun,38.9,26025,0.763587356
MN,Mower,40.7,27099,0.49813199
MI,Crawford,38.2,26039,0.786782086
MI,Bay,37.2,26017,0.712981164
MI,Ingham,34.0,26065,0.901555002
MI,Manistee,38.0,26101,0.565930963
MN,Steele,36.9,27147,0.710460186
MD,Queen Anne's,32.7,24035,0.723122299
MI,Lapeer,35.5,26087,0.570548296
MD,Baltimore,38.5,24510,1.117497683
MN,Waseca,41.2,27161,0.646900296
MA,Barnstable,26.5,25001,0.989848197
MN,Washington,30.9,27163,0.59892422
MN,Nobles,40.7,27105,0.467289716
MN,Mille Lacs,42.6,27095,0.573701501
MI,Livingston,35.4,26093,0.597915113
MN,Sibley,40.7,27143,0.203873605
MI,Cass,35.1,26027,0.329559565
MN,Olmsted,35.4,27109,0.696807265
MN,Freeborn,40.6,27047,0.757475972
MI,Saginaw,43.0,26145,0.790022552
ME,Somerset,37.3,23025,0.513478816
MO,Miller,39.7,29131,0.465278596
MS,Lafayette,40.0,28071,1.029260397
MO,Livingston,38.6,29117,0.624436259
MO,Adair,42.0,29001,0.787432551
MO,Polk,42.0,29167,0.492459208
MS,Tunica,50.1,28143,0.958262324
MO,Osage,36.6,29151,0.369412631
MO,Caldwell,40.0,29025,0.331455082
MT,Hill,34.9,30041,0.855850339
MS,Humphreys,51.0,28053,0.383288622
MO,Ray,40.4,29177,0.349116296
MO,Benton,38.4,29015,0.356651545
MO,Greene,34.5,29077,0.986450732
MO,Gasconade,38.6,29073,0.617877245
MT,Gallatin,23.7,30031,0.924610019
MO,St. Francois,40.0,29187,0.812213302
MO,Carroll,38.9,29033,0.818330586
MO,Clay,35.2,29047,0.702272117
MO,St. Charles,36.1,29183,0.748392463
MS,Lincoln,42.9,28085,0.854549766
MO,Grundy,39.7,29079,0.729546666
MO,Boone,33.1,29019,0.81971246
MS,Newton,44.3,28101,0.575098217
MT,Beaverhead,31.3,30001,0.949066758
MS,George,40.4,28039,0.491299897
MT,Missoula,29.2,30063,0.822165608
MS,Scott,45.8,28123,0.712732971
MS,Tate,40.4,28137,0.700795412
MO,Cooper,41.1,29053,0.701672316
MS,Clarke,44.7,28023,0.392182499
MO,Franklin,38.8,29071,0.689199686
MO,Carter,40.0,29035,0.667668164
MO,Macon,36.9,29121,0.529976785
MT,Dawson,35.7,30021,0.584453523
MO,Warren,37.6,29219,0.519210815
MO,Henry,40.1,29083,0.724768996
MS,Webster,39.8,28155,0.413393974
MO,Dunklin,43.1,29069,0.657940328
MS,Sunflower,47.5,28133,0.606305599
MO,Texas,41.3,29215,0.398215979
MO,Pulaski,35.4,29169,0.474302292
MO,New Madrid,41.7,29143,0.838674903
MO,Platte,39.5,29165,0.563211083
MO,Lincoln,41.3,29113,0.349307209
MS,Panola,46.0,28107,0.561333001
MS,Pontotoc,43.4,28115,0.585317791
MS,Yazoo,45.4,28163,0.481802672
MO,Bates,38.3,29013,0.738825262
MO,Nodaway,42.3,29147,0.597893596
MS,Prentiss,40.4,28117,0.79958421
MT,Carbon,29.0,30009,0.54940021
MO,Cedar,42.0,29039,0.768049181
MO,Marion,36.1,29127,0.879569352
MS,Calhoun,41.9,28013,0.351098925
MS,Chickasaw,47.3,28017,0.471948564
MO,Ste. Genevieve,36.7,29186,0.446328938
MO,Buchanan,40.1,29021,0.843638062
MO,Moniteau,39.8,29135,0.449149817
MO,Mississippi,44.5,29133,0.630367994
MO,Gentry,37.6,29075,0.616903126
MT,Deer Lodge,32.9,30023,0.543242097
MS,Lamar,39.5,28073,1.013013363
MS,Smith,42.0,28129,0.253501475
MO,Daviess,37.4,29061,0.362187624
MO,Howell,40.5,29091,0.819631398
MS,Grenada,45.0,28043,1.115963101
MS,Winston,45.3,28159,0.896609724
MS,Jefferson Davis,43.8,28065,0.367309451
MS,Holmes,53.0,28051,0.298935801
MT,Cascade,35.6,30013,0.934280753
MO,Madison,38.0,29123,0.660447478
MS,Jackson,38.4,28059,0.6397686
MO,Jackson,38.8,29095,0.719623208
MO,Dent,38.9,29065,0.581357777
MS,Itawamba,37.8,28057,0.515884936
MS,Noxubee,47.0,28103,0.488472074
MT,Flathead,30.2,30029,0.614070714
MO,Harrison,42.5,29081,0.96142292
MO,Butler,41.2,29023,0.806107461
MO,St. Louis,33.4,29189,0.860143661
MO,Scott,43.4,29201,0.600710392
MS,Claiborne,51.2,28021,0.336662561
MO,Montgomery,41.2,29139,0.619798124
MS,Rankin,36.3,28121,1.032216668
MO,Ripley,42.8,29181,0.60150373
MT,Custer,35.8,30017,0.885582685
MO,Barry,38.4,29009,0.474621713
MO,Callaway,41.7,29027,0.490119636
MO,Cape Girardeau,40.7,29031,1.056444287
MS,Monroe,40.9,28095,0.626370192
MS,Copiah,46.3,28029,0.572799206
MO,Taney,39.2,29213,1.069442511
MS,Washington,44.6,28151,0.723673463
MO,Crawford,38.7,29055,0.631871581
MO,Clinton,38.2,29049,0.145964086
MT,Lewis and Clark,30.1,30049,0.697717488
MO,Randolph,41.6,29175,0.491621941
MS,Bolivar,45.6,28011,0.763054848
MS,Clay,42.6,28025,0.826787949
MO,Dallas,40.6,29059,0.580753803
MS,Neshoba,42.4,28099,0.655262768
MS,Tishomingo,39.9,28141,0.778210104
MO,Barton,42.7,29011,0.690131128
MO,Newton,36.9,29145,0.530358791
MT,Glacier,36.2,30035,0.51493305
MO,Wright,40.9,29229,0.436562061
MS,Lee,40.6,28081,1.06475091
MO,Camden,33.5,29029,0.581721008
MO,Phelps,39.2,29161,0.788039804
MS,Pearl River,40.3,28109,0.590593457
MO,Washington,39.0,29221,0.406437963
MO,Linn,41.4,29115,0.422654271
MS,Quitman,50.3,28119,0.591715991
MS,Simpson,41.7,28127,0.788613915
MO,Lafayette,38.9,29107,0.696842968
MO,Johnson,40.0,29101,0.608642697
MS,Jones,43.4,28067,0.838321567
MO,DeKalb,42.3,29063,0.548245609
MO,Oregon,44.3,29149,0.480261266
MS,Union,39.8,28145,0.658213794
MO,Stone,40.0,29209,0.431233644
MO,Christian,36.7,29043,0.518449068
MO,Pettis,39.0,29159,0.776653349
MO,Saline,39.1,29195,0.656225383
MS,Lawrence,43.3,28077,0.400641024
MS,Covington,41.4,28031,0.756021142
MS,Marshall,44.4,28093,0.424917132
MS,Stone,41.4,28131,0.816993475
MT,Lake,33.9,30047,0.645452797
MS,Yalobusha,43.1,28161,0.333834082
MO,Pemiscot,43.8,29155,0.512820542
MS,Walthall,41.4,28147,0.629634798
MO,Wayne,41.4,29223,0.39157334
MS,Jasper,44.1,28061,0.244917959
MS,Leake,45.1,28079,0.747548461
MO,Lewis,39.9,29111,0.305810392
MS,Pike,46.1,28113,1.051362872
MS,Harrison,34.7,28047,0.790226102
MO,Jasper,35.8,29097,0.822043955
MT,Lincoln,30.9,30053,0.491569579
MO,Cass,35.1,29037,0.543040633
MO,Pike,43.3,29163,0.683682799
MS,Hancock,36.3,28045,0.583333313
MS,Leflore,45.8,28083,0.718029737
MO,Douglas,38.7,29067,0.224820137
MO,Laclede,44.1,29105,0.696475804
MO,Vernon,41.3,29217,0.441436142
MS,Montgomery,45.5,28097,0.931580603
MT,Madison,26.5,30057,0.446478397
MS,Tippah,42.2,28139,0.597756088
MS,Coahoma,48.4,28027,0.741977394
MO,Cole,36.7,29051,0.866244018
MS,Warren,41.8,28149,0.981244862
MO,Webster,38.6,29225,0.602122486
MS,Wayne,45.5,28153,0.738297999
MO,Audrain,40.2,29007,0.483189046
MS,Greene,42.6,28041,0.222601473
MO,Andrew,42.1,29003,0.227453649
MO,Morgan,43.1,29141,0.434446812
MT,Jefferson,29.4,30043,0.404530734
MO,Dade,44.5,29057,0.528541207
MO,Stoddard,45.2,29207,0.517223537
MS,Madison,37.2,28089,1.094777822
MO,McDonald,41.2,29119,0.436681211
MO,Monroe,41.4,29137,0.461254627
MO,St. Louis,36.7,29510,1.038149476
MS,Lauderdale,39.3,28075,1.084731102
MO,Clark,40.4,29045,0.439238667
MO,Jefferson,39.1,29099,0.600327551
MO,Perry,37.3,29157,0.520996153
MS,Choctaw,41.6,28019,0.496093273
MS,Hinds,47.0,28049,0.995762527
MS,Tallahatchie,45.3,28135,0.364777118
MS,Oktibbeha,41.1,28105,0.803390324
MT,Fergus,32.1,30027,0.630403459
MO,Lawrence,41.9,29109,0.523903072
MS,Marion,44.1,28091,0.818297148
MS,Lowndes,44.1,28087,0.840350568
MS,Forrest,43.9,28035,0.999880016
NM,Bernalillo,28.1,35001,0.883130431
NH,Hillsborough,29.8,33011,0.678233266
NE,Dakota,45.8,31043,0.697558522
NY,Hamilton,37.3,36041,1.150748014
NY,Broome,33.3,36007,0.791891038
NM,Torrance,34.8,35057,0.387446731
NY,Franklin,36.6,36033,0.640448332
NM,Otero,38.8,35035,0.456103683
NH,Merrimack,30.7,33013,0.668317795
NM,Colfax,35.6,35007,0.586903691
NM,Santa Fe,23.1,35049,0.730522692
NE,Kearney,38.3,31099,0.450992197
NE,Dawson,41.4,31047,0.72309655
NY,Dutchess,34.3,36027,0.886485517
NY,Clinton,41.8,36019,0.68941313
NE,Lancaster,33.1,31109,0.863870263
NH,Strafford,32.9,33017,0.669033647
NE,Furnas,41.4,31065,0.64474535
NY,Madison,34.4,36053,0.624308288
NM,Sierra,33.7,35051,0.644152045
NE,Saunders,36.2,31155,0.273635238
NE,Box Butte,40.5,31013,0.560957372
NM,Eddy,39.1,35015,0.667602479
NJ,Cumberland,36.8,34011,0.571397483
NM,DoÃ±a Ana,36.0,35013,0.619175434
NM,Taos,29.0,35055,0.889761627
NE,Jefferson,39.9,31095,0.563459635
NM,Cibola,38.3,35006,0.531228662
NJ,Ocean,33.2,34029,0.722847998
NV,White Pine,33.4,32033,0.633847475
NE,Saline,40.8,31151,0.428969771
NH,Belknap,30.3,33001,0.89356792
NM,San Juan,38.1,35045,0.875827193
NH,Rockingham,31.7,33015,0.963678956
NE,Seward,41.7,31159,0.640055835
MT,Roosevelt,40.6,30085,0.638453126
NJ,Union,28.0,34039,0.788629353
NJ,Hunterdon,26.5,34019,0.673093081
NE,Washington,37.8,31177,0.430601418
NE,Cherry,42.0,31031,0.69192183
NM,Chaves,42.0,35005,0.664492905
NY,Chemung,34.2,36015,0.593062401
NY,Genesee,35.3,36037,0.614099741
NJ,Warren,29.1,34041,0.738468528
MT,Valley,36.1,30105,0.815328181
NH,Grafton,28.8,33009,0.849036813
NE,Sheridan,36.3,31161,0.5825243
NV,Douglas,30.5,32005,0.774119973
NY,Bronx,37.2,36005,0.675163567
NE,Scotts Bluff,42.0,31157,0.849882424
NM,San Miguel,35.1,35047,0.699970543
NY,Jefferson,37.4,36045,0.730838597
NY,Erie,32.7,36029,0.829662025
NJ,Salem,36.3,34033,0.640502155
NM,Valencia,35.5,35061,0.567200363
NE,Cass,38.1,31025,0.419335157
NM,Quay,36.0,35037,0.853970945
NJ,Monmouth,29.3,34025,0.937933087
NY,Kings,26.9,36047,0.849963009
NE,Dawes,39.5,31045,0.478411674
NY,Cortland,34.0,36023,0.805545568
NY,Montgomery,36.0,36057,0.69147855
NH,Cheshire,31.2,33005,0.590334237
NY,Lewis,35.9,36049,0.420055747
NV,Churchill,33.6,32001,0.670267701
NJ,Bergen,25.8,34003,0.902843297
NH,Coos,35.9,33007,0.73779434
MT,Ravalli,32.7,30081,0.488867164
NV,Nye,32.0,32023,0.665917516
NJ,Somerset,26.9,34035,0.807698011
NE,Richardson,44.2,31147,0.641766131
NH,Carroll,28.5,33003,0.752537251
NJ,Sussex,29.3,34037,0.535706639
MT,Sanders,35.3,30089,0.24677141
NM,Socorro,35.0,35053,0.483646691
MT,Yellowstone,34.6,30111,0.773053586
NH,Sullivan,32.3,33019,0.46224606
NM,Rio Arriba,38.8,35039,0.623036802
NY,Fulton,36.3,36035,0.738468528
NM,Sandoval,31.1,35043,0.496964484
NM,Los Alamos,22.4,35028,0.822114885
NE,Cheyenne,41.2,31033,0.548787177
NJ,Mercer,30.7,34021,0.776061356
NV,Clark,32.8,32003,0.891637743
NE,Buffalo,43.4,31019,0.937861681
NJ,Gloucester,36.3,34015,0.750225902
NE,Red Willow,39.5,31145,0.564599633
NE,Holt,39.2,31089,0.602651656
NE,Morrill,38.9,31123,0.864864886
NE,Chase,38.5,31029,0.78125
NE,Custer,38.7,31041,0.470543951
NJ,Atlantic,33.2,34001,0.764418423
NY,Chenango,37.5,36017,0.534988225
NY,Delaware,35.9,36025,0.523464859
NJ,Burlington,32.6,34005,0.745640337
NE,Otoe,37.2,31131,0.751644194
NY,Allegany,34.3,36003,0.39484942
NM,Curry,34.9,35009,0.573852777
MT,Phillips,39.4,30071,0.76550138
NE,Wayne,37.3,31179,1.053518772
NY,Niagara,34.6,36063,0.748574853
NY,Monroe,36.1,36055,0.767984867
NE,Gage,42.6,31067,0.559936523
NY,New York,21.2,36061,1.630284071
NV,Mineral,35.0,32021,0.664010644
NM,Union,35.4,35059,1.490312934
NY,Chautauqua,34.7,36013,0.745842338
NE,Nemaha,40.9,31127,0.567859173
NM,Roosevelt,34.3,35041,0.599455059
NY,Cattaraugus,36.5,36009,0.645901144
NE,Platte,36.4,31141,0.839227915
MT,Silver Bow,29.8,30093,0.966458201
NV,Lander,33.8,32015,0.906782746
NE,Cedar,40.4,31027,0.475398153
NV,Elko,35.5,32007,0.773497343
NE,Hall,38.0,31079,0.802910149
NE,Hamilton,41.7,31081,0.54130131
NY,Greene,32.4,36039,0.657099843
NE,Phelps,43.2,31137,0.777259588
NJ,Cape May,31.7,34009,1.92253077
NE,Madison,40.3,31119,0.804297268
NM,Lea,35.5,35025,0.779618561
NE,Valley,40.2,31175,0.731172323
NJ,Hudson,30.7,34017,0.798015654
NM,McKinley,37.4,35031,0.762453377
NJ,Essex,29.1,34013,0.727044702
NJ,Passaic,31.7,34031,0.7314412
MT,Rosebud,39.7,30087,0.679040313
MT,Richland,35.7,30083,1.08666122
NV,Washoe,29.8,32031,0.802797019
NV,Humboldt,33.8,32013,0.707463741
NY,Columbia,33.0,36021,0.755870581
NE,Antelope,40.8,31003,0.638569593
NY,Essex,36.0,36031,0.758992732
NE,Lincoln,39.4,31111,0.873438716
NE,York,38.9,31185,0.740137637
NM,Lincoln,30.5,35027,0.852600455
NE,Merrick,40.1,31121,0.640286863
MT,Park,27.7,30067,1.133651495
NE,Adams,40.7,31001,0.925896347
NY,Nassau,26.9,36059,1.024913192
NY,Livingston,32.4,36051,0.737203121
NM,Grant,35.0,35017,0.592438996
NE,Douglas,35.8,31055,0.834012389
NM,Luna,38.7,35029,0.75298053
NE,Colfax,38.8,31037,0.377821863
NJ,Middlesex,26.9,34023,0.80220145
NE,Cuming,39.7,31039,0.568310976
NJ,Camden,32.8,34007,0.785305679
NE,Sarpy,38.4,31153,0.640699804
NJ,Morris,25.9,34027,0.832846344
NE,Pierce,41.4,31139,0.556792855
NE,Dodge,38.7,31053,0.690188289
NY,Albany,33.5,36001,1.10652256
NV,Lyon,35.9,32019,0.41152969
NV,Carson City,32.6,32510,0.749544919
NY,Cayuga,41.0,36011,0.618185163
NE,Keith,37.0,31101,1.002129555
ND,Walsh,38.5,38099,0.383251905
OH,Jackson,43.7,39079,0.861724079
OH,Crawford,44.0,39033,0.749915361
NC,Randolph,32.5,37151,0.629509449
NC,New Hanover,32.4,37129,0.94669354
ND,Mercer,36.3,38057,0.734034717
NC,Hertford,43.4,37091,0.908776164
NC,Wake,25.6,37183,0.846970379
OH,Columbiana,47.0,39029,0.801044345
OH,Erie,36.7,39043,1.030941844
NC,Wayne,39.1,37191,0.75826633
NC,Mecklenburg,34.1,37119,0.828206837
OH,Lawrence,44.9,39087,0.710768163
NC,Cabarrus,34.6,37025,0.835293651
NC,Pamlico,36.6,37137,0.707825422
NC,Buncombe,26.2,37021,1.001984954
NC,Robeson,41.9,37155,0.58461988
NC,Currituck,33.2,37053,0.860525966
NY,Oneida,38.2,36065,0.690577328
NC,Durham,32.5,37063,0.922683954
NC,Chowan,39.4,37041,0.796235979
NY,Ontario,34.1,36069,0.753921747
OH,Hancock,37.0,39063,0.87525028
NC,Avery,33.1,37011,0.682943463
ND,Rolette,45.4,38079,0.3529827
OH,Auglaize,42.6,39011,0.744308233
NC,Caldwell,35.0,37027,0.730816066
OH,Franklin,36.1,39049,0.916486502
NY,Otsego,35.5,36077,0.562170982
NY,Orleans,36.2,36073,0.350192606
ND,Ward,37.4,38101,0.77410686
NC,Lincoln,33.2,37109,0.681067467
OH,Lucas,42.4,39095,0.919928849
NC,Rockingham,37.8,37157,0.701100945
NC,Granville,37.5,37077,0.512515306
NC,Pasquotank,36.0,37139,0.94124639
NC,Clay,32.7,37043,0.260756195
ND,Grand Forks,37.4,38035,0.69083637
NY,Rensselaer,34.6,36083,0.765299678
ND,McKenzie,35.5,38053,0.590473711
NY,Putnam,30.1,36079,0.751025021
NC,Lee,38.4,37105,0.753772855
OH,Lake,40.9,39085,0.836349845
NC,Moore,32.1,37125,0.715999663
OH,Meigs,48.7,39105,0.749625206
NC,Davie,34.0,37059,0.554451764
NC,Swain,36.8,37173,1.198956251
ND,Burleigh,39.2,38015,0.706772566
NC,Edgecombe,40.5,37065,0.49184522
NC,Alleghany,36.6,37005,0.625334978
ND,Bowman,37.2,38011,1.339584708
NY,Tioga,35.2,36107,0.459251851
NC,Transylvania,32.8,37175,0.550756574
NY,Suffolk,29.8,36103,0.944194198
NC,Martin,38.5,37117,0.946884274
NC,Ashe,33.9,37009,0.625782251
OH,Champaign,39.7,39021,0.48767966
ND,Traill,38.2,38097,0.502575696
NC,Union,31.1,37179,0.54791832
NY,Wayne,37.2,36117,0.749952435
OH,Fulton,42.4,39051,0.740051091
NY,Warren,34.7,36113,0.988142312
NY,Wyoming,35.8,36121,0.608133793
NY,Saratoga,32.1,36091,0.703436434
NY,Rockland,32.0,36087,0.827649653
NY,Schoharie,37.6,36095,0.353334188
ND,Mountrail,39.7,38061,0.666539729
NY,Ulster,32.2,36111,0.821535468
NY,Seneca,37.4,36099,0.706069231
NC,Nash,42.1,37127,0.737937331
NC,Dare,29.5,37055,1.811063409
NC,Columbus,39.2,37047,0.785330772
NC,Davidson,34.5,37057,0.531808019
NC,Northampton,40.3,37131,0.314333618
NC,Cumberland,39.6,37051,0.894863904
OH,Allen,47.1,39003,0.921749353
OH,Delaware,32.2,39041,0.941213906
OH,Geauga,36.3,39055,0.611122429
OH,Mahoning,39.7,39099,0.911202013
OH,Fairfield,39.0,39045,0.669968486
NC,Wilson,39.2,37195,0.792885959
OH,Logan,38.7,39091,0.728058934
NC,Scotland,41.1,37165,0.692900658
NC,Vance,41.2,37181,0.64850843
OH,Ashtabula,43.1,39007,0.828903854
NC,Mitchell,34.1,37121,0.671997845
NC,Orange,26.3,37135,0.650670469
NC,Duplin,39.4,37061,0.629315913
OH,Knox,35.8,39083,0.865065753
ND,Cass,34.1,38017,0.793892443
NC,Stokes,33.1,37169,0.480947912
ND,Wells,37.9,38103,0.808843374
NC,Yancey,32.3,37199,0.442013383
NC,Jackson,32.4,37099,0.658596933
OH,Madison,41.7,39097,0.516169548
OH,Lorain,39.6,39093,0.679112792
NC,Macon,31.3,37113,0.69456023
NC,Washington,41.0,37187,0.783630848
OH,Defiance,42.2,39039,0.847053826
OH,Darke,40.1,39037,0.527292252
OH,Guernsey,41.5,39059,0.928337514
OH,Marion,45.2,39101,0.725084841
NC,Warren,42.0,37185,0.409794092
NC,Beaufort,38.3,37013,0.807256818
NC,Richmond,39.8,37153,0.631597936
NC,Stanly,34.3,37167,0.72739923
NY,Onondaga,35.1,36067,0.857987761
NC,Catawba,34.1,37035,0.854610205
NY,Oswego,38.5,36075,0.653223991
NC,Craven,36.1,37049,0.898916364
NC,Franklin,38.0,37069,0.500981092
ND,Stark,39.3,38089,0.654062986
NC,Sampson,38.5,37163,0.552207232
OH,Fayette,40.6,39047,1.154693961
OH,Clermont,40.1,39025,0.69896698
OH,Harrison,41.4,39067,0.66604501
NC,Guilford,33.5,37081,0.830680013
NC,Anson,43.1,37007,0.705482006
ND,Williams,37.7,38105,0.671834648
OH,Medina,36.0,39103,0.690943658
ND,Bottineau,39.3,38009,0.636233509
ND,Barnes,37.8,38003,0.769082844
NC,Madison,31.9,37115,0.643974245
OH,Hocking,42.7,39073,0.569496334
OH,Carroll,40.7,39019,0.557682991
NC,Johnston,36.2,37101,0.596542835
ND,McLean,36.4,38055,0.42480883
NC,Forsyth,31.8,37067,0.765938163
NC,Gaston,36.5,37071,0.759153962
OH,Jefferson,40.1,39081,0.66215986
OH,Greene,39.2,39057,0.864085793
OH,Ashland,40.5,39005,0.618417621
NC,Onslow,32.1,37133,0.794339597
NC,Pitt,37.3,37147,0.891080439
OH,Highland,43.1,39071,0.623498976
NC,Yadkin,36.1,37197,0.372093022
NC,Alexander,33.8,37003,0.400630325
NC,Bladen,38.6,37017,0.729239464
NY,Richmond,29.4,36085,0.698466539
NY,Queens,24.7,36081,0.927747548
NC,Haywood,31.5,37087,0.746363461
OH,Cuyahoga,37.8,39035,0.955302715
NC,Rowan,33.9,37159,0.60352993
NC,Perquimans,33.8,37143,0.365844727
ND,Foster,39.9,38031,1.263823032
NC,Cherokee,31.5,37039,0.756715834
NC,Alamance,38.0,37001,0.747026503
ND,Richland,41.9,38077,0.557068586
OH,Belmont,43.0,39013,0.834192812
NY,Washington,36.0,36115,0.610500634
OH,Huron,41.9,39077,0.724400222
NY,Tompkins,33.0,36109,0.692671537
OH,Henry,42.8,39069,0.817722261
NY,Sullivan,34.8,36105,0.804728091
OH,Holmes,42.7,39075,0.29542768
NY,Steuben,36.6,36101,0.570480764
NC,Lenoir,40.4,37107,0.879396975
NC,Burke,32.0,37023,0.696763933
NY,Orange,37.3,36071,0.789130747
NC,Surry,35.3,37171,0.68356514
NY,Yates,35.3,36123,0.403551251
OH,Butler,36.5,39017,0.816807032
NY,Westchester,26.6,36119,0.824185491
NY,Schenectady,34.3,36093,0.740225792
NY,St. Lawrence,37.1,36089,0.494472176
NY,Schuyler,37.6,36097,0.508905828
NC,Wilkes,35.2,37193,0.617256761
NC,Hoke,35.6,37093,0.286584288
NC,Chatham,30.7,37037,0.58087343
OH,Hardin,45.3,39065,0.667323411
NC,Polk,32.2,37149,0.665715635
OH,Coshocton,40.5,39031,0.658454299
NC,Brunswick,30.9,37019,0.751481175
NC,Caswell,35.5,37033,0.356458575
NC,Greene,41.2,37079,0.286697239
OH,Clinton,41.6,39027,0.572505414
ND,Morton,35.8,38059,0.571374178
OH,Mercer,37.8,39107,0.775306463
NC,Pender,31.3,37141,0.587589502
NC,McDowell,33.3,37111,0.698964655
NC,Person,40.5,37145,0.651221037
NC,Montgomery,37.5,37123,0.770981729
NC,Graham,34.0,37075,0.354024082
OH,Adams,45.2,39001,0.762776494
NC,Bertie,43.5,37015,0.42753312
NC,Iredell,33.5,37097,0.775152087
OH,Athens,38.3,39009,1.05374074
NC,Camden,34.3,37029,0.273124546
OH,Gallia,40.1,39053,0.973089039
ND,Ramsey,36.0,38071,0.790305614
NC,Harnett,39.4,37085,0.612879217
NC,Cleveland,37.8,37045,0.76740545
ND,Stutsman,40.2,38093,0.439067215
OH,Clark,41.8,39023,0.793454766
NC,Henderson,33.9,37089,0.565663397
NC,Watauga,33.7,37189,0.584681332
NC,Halifax,41.2,37083,0.949897945
NC,Carteret,31.6,37031,0.948848426
NC,Rutherford,36.7,37161,0.506887734
OH,Licking,36.0,39089,0.696238041
ND,Griggs,37.0,38039,1.359311223
OH,Hamilton,38.6,39061,0.858206451
OH,Brown,42.6,39015,0.506748974
RI,Kent,32.9,44003,0.801720083
OR,Deschutes,27.0,41017,0.783073723
OH,Pickaway,42.9,39129,0.681918919
OR,Crook,33.0,41013,0.358494312
OH,Sandusky,42.2,39143,0.754057348
OK,Atoka,42.8,40005,0.503162742
OK,Creek,39.4,40037,0.489613205
OK,Grady,41.0,40051,0.482953519
PA,Bedford,35.3,42009,0.522826612
OH,Morgan,41.8,39115,0.349528134
OK,Carter,40.7,40019,0.744524658
PA,Armstrong,37.9,42005,0.405224264
PA,Crawford,37.8,42039,0.573497236
PA,Franklin,39.2,42055,0.648945928
OK,Stephens,42.3,40137,0.556844532
SC,Greenville,30.0,45045,0.860116482
OR,Benton,26.4,41003,0.740033686
OK,Kay,44.0,40071,0.808799744
OR,Josephine,32.8,41033,0.635980606
OK,Beckham,42.7,40009,1.071362019
OR,Marion,39.4,41047,0.727368534
SC,Edgefield,39.1,45037,0.258112103
OK,Love,43.5,40085,0.488758564
OR,Jackson,35.9,41029,0.712212205
OR,Washington,29.6,41067,0.685982406
PA,Mercer,35.7,42085,0.718595982
OR,Wallowa,30.4,41063,0.835538208
OR,Hood River,30.5,41027,1.116838455
OK,Logan,42.2,40083,0.26651907
PA,Philadelphia,34.5,42101,0.898328602
SC,Fairfield,41.1,45039,0.407996744
OH,Seneca,47.1,39147,0.47326076
OK,Custer,38.8,40039,0.767941892
OK,Sequoyah,41.2,40135,0.625932872
PA,Cambria,37.1,42021,0.73053968
OK,Jackson,42.7,40065,0.617156982
PA,Perry,34.9,42099,0.389509231
PA,Erie,36.9,42049,0.700379252
OH,Vinton,41.2,39163,0.462534696
PA,Westmoreland,31.4,42129,0.723161638
OK,Osage,40.3,40113,0.40735817
OH,Shelby,37.9,39149,0.641330659
OH,Portage,38.5,39133,0.781139493
PA,Sullivan,36.6,42113,1.014713287
PA,Jefferson,35.8,42065,0.649531424
PA,Schuylkill,39.0,42107,0.469053149
OR,Multnomah,28.9,41051,0.877841473
OK,Delaware,43.0,40041,0.301372409
OK,Pawnee,40.7,40117,0.610463321
OK,Lincoln,42.3,40081,0.570694804
OK,Noble,40.5,40103,0.629892945
RI,Washington,25.0,44009,0.763443768
OH,Monroe,43.0,39111,0.662446618
PA,Clinton,35.3,42035,0.579603255
OR,Tillamook,30.8,41057,0.4372859
PA,Snyder,36.5,42109,0.719299555
OR,Polk,34.4,41053,0.547045946
PA,Adams,37.3,42001,0.603453338
PA,Washington,38.2,42125,0.77368319
OR,Lincoln,32.0,41041,0.553545654
PA,Huntingdon,35.8,42061,0.470957607
OR,Clackamas,29.0,41005,0.578753114
PA,Delaware,31.4,42045,0.758707941
OK,Okmulgee,44.2,40111,0.549249351
SC,Barnwell,43.4,45011,0.865176618
OH,Wayne,40.1,39169,0.648261786
RI,Bristol,25.6,44001,0.744570851
OH,Warren,34.1,39165,0.629162967
OK,Tillman,42.4,40141,0.553326905
OR,Clatsop,30.3,41007,0.915320516
OR,Coos,31.1,41011,0.587226272
OH,Perry,42.9,39127,0.414193004
OR,Linn,34.8,41043,0.595174491
OK,Payne,38.5,40119,0.795058429
OH,Morrow,42.6,39117,0.423597187
SC,Allendale,44.5,45005,0.480134428
OH,Pike,40.6,39131,0.577721596
PA,Warren,34.6,42123,0.513993502
OR,Lane,32.5,41039,0.778096318
OK,Kingfisher,41.3,40073,0.506136894
RI,Newport,27.6,44005,1.014223576
OK,Seminole,43.0,40133,0.6186077
PA,Bradford,34.9,42015,0.54798162
OR,Umatilla,37.8,41059,0.553040445
OH,Miami,39.8,39109,0.799880922
PA,Clarion,35.7,42031,0.678762555
SC,Florence,38.8,45041,0.806756377
SC,Abbeville,38.7,45001,0.573676467
OH,Montgomery,41.5,39113,0.944301248
OR,Grant,30.9,41023,0.417827308
PA,Dauphin,34.3,42043,0.836090505
OH,Noble,44.8,39121,0.696184933
SC,Colleton,44.8,45029,0.773725331
OH,Wyandot,40.0,39175,0.783013225
PA,Carbon,34.4,42025,0.530578494
OK,Pontotoc,43.3,40123,0.703179955
RI,Providence,32.4,44007,0.818478465
PA,Lawrence,35.8,42073,0.63467437
PA,Greene,36.0,42059,0.982566476
OH,Ottawa,41.2,39123,0.919186175
OK,Major,41.6,40093,0.395830572
PA,Monroe,37.7,42089,0.652350247
SC,Georgetown,33.9,45043,0.599813759
OK,Hughes,47.6,40063,0.457108021
OH,Van Wert,42.3,39161,0.781277716
SC,Dillon,42.3,45033,0.724470615
OK,Ottawa,44.0,40115,0.453382552
OK,Adair,43.6,40001,0.546572506
PA,Union,35.3,42119,0.609563351
OK,Caddo,41.0,40015,0.522939622
PA,Columbia,37.2,42037,0.77110517
OK,Choctaw,45.4,40023,0.614502251
OH,Williams,41.5,39171,0.793108165
OH,Tuscarawas,43.7,39157,0.806311011
OK,Woodward,42.0,40153,0.858065844
OR,Douglas,35.1,41019,0.610610247
OR,Malheur,38.3,41045,0.548687994
PA,Lancaster,35.7,42071,0.646292865
SC,Berkeley,36.6,45015,0.546640277
OR,Morrow,37.4,41049,0.256410271
OR,Curry,31.7,41015,0.600729465
PA,Forest,40.4,42053,0.430725068
PA,Pike,33.9,42103,0.428021103
PA,Lackawanna,33.2,42069,0.794300199
OK,Pottawatomie,42.6,40125,0.849338353
OK,Texas,41.3,40139,0.550082505
OR,Baker,34.3,41001,0.491279781
SC,Aiken,37.0,45003,0.717198312
PA,Tioga,38.8,42117,0.470518321
OK,Murray,44.4,40099,0.788247943
OK,Johnston,43.7,40069,0.277161866
PA,York,35.3,42133,0.71040386
SC,Chester,42.0,45023,0.527426183
SC,Darlington,41.4,45031,0.57135123
OR,Wasco,32.9,41065,0.719615221
OR,Union,35.6,41061,0.677940547
OK,Pittsburg,41.4,40121,0.663934588
PA,Beaver,37.2,42007,0.738120854
OH,Richland,39.8,39139,0.744472265
OR,Jefferson,34.9,41031,0.482780814
OH,Paulding,39.4,39125,0.536250532
OK,Okfuskee,44.6,40107,0.254993618
PA,Montgomery,31.2,42091,0.775901258
OK,Garfield,42.3,40047,0.788578749
PA,Wyoming,35.8,42131,0.564822853
PA,Susquehanna,33.2,42115,0.474928766
PA,Centre,34.7,42027,0.681131423
PA,Berks,35.0,42011,0.638929069
OH,Washington,44.7,39167,0.871722639
PA,Cumberland,33.0,42041,0.777778208
SC,Beaufort,27.9,45013,0.725763559
SC,Cherokee,32.3,45021,0.645543993
OK,Rogers,40.9,40131,0.504535437
PA,Clearfield,36.9,42033,0.585152388
OK,Le Flore,42.7,40079,0.42054671
PA,Bucks,30.4,42017,0.759569883
OK,Oklahoma,39.4,40109,0.970099807
PA,Fayette,34.8,42051,0.757067263
PA,Juniata,36.1,42067,0.284333229
OK,Tulsa,37.0,40143,0.913944721
OK,Coal,43.2,40029,0.536960781
OH,Preble,38.5,39135,0.563228548
PA,Mifflin,38.7,42087,0.521014214
OK,Washington,41.6,40147,0.61276859
OK,McCurtain,45.1,40089,0.457707793
SC,Calhoun,38.4,45017,0.343548179
OK,Blaine,43.6,40011,0.63512224
OK,Bryan,41.2,40013,0.59186089
OH,Muskingum,41.2,39119,0.918391049
PA,Lycoming,35.6,42081,0.706657588
OH,Wood,35.7,39173,0.84659797
PA,Somerset,36.6,42111,0.466289967
SC,Anderson,38.5,45007,0.748704433
OK,Pushmataha,43.5,40127,0.364630818
PA,Wayne,35.2,42127,0.37136212
OK,Cleveland,36.9,40027,0.794242442
PA,Northumberland,37.7,42097,0.587205589
OK,Woods,40.7,40151,0.57557267
OH,Trumbull,44.6,39155,0.772357702
PA,Elk,37.8,42047,0.472861141
PA,Indiana,40.1,42063,0.549818337
SC,Charleston,28.8,45019,0.909132242
SC,Clarendon,45.6,45027,0.508753538
OR,Columbia,36.9,41009,0.453892112
OH,Ross,42.2,39141,0.706621289
OK,Comanche,43.8,40031,0.73493588
SC,Chesterfield,39.8,45025,0.526246548
OK,Marshall,43.7,40095,0.525885224
PA,McKean,36.3,42083,0.669427037
PA,Allegheny,32.0,42003,0.880829632
OK,Craig,43.6,40035,0.563618422
OK,Canadian,42.4,40017,0.613609076
PA,Butler,32.7,42019,0.713775873
OR,Yamhill,34.5,41071,0.464407802
OH,Union,37.4,39159,0.483164221
OH,Stark,38.3,39151,0.916781127
OR,Klamath,38.4,41035,0.741936862
OK,Garvin,42.4,40049,0.866707623
OR,Harney,34.8,41025,0.949410021
PA,Lehigh,34.3,42077,0.717364013
OR,Gilliam,31.8,41021,1.518987298
OK,Cherokee,44.3,40021,0.489606082
PA,Montour,35.3,42093,0.60968852
OR,Lake,34.1,41037,0.629009962
SC,Dorchester,36.4,45035,0.555096328
OK,Mayes,43.1,40097,0.704704523
OK,Haskell,43.7,40061,0.316155553
PA,Potter,38.2,42105,0.486233503
PA,Lebanon,37.3,42075,0.57177949
OK,Wagoner,43.5,40145,0.349713594
PA,Chester,29.5,42029,0.645456433
PA,Fulton,36.0,42057,0.275843054
OK,McClain,37.9,40087,0.749733984
SC,Bamberg,44.3,45009,0.79102546
OK,Muskogee,44.6,40101,0.85786128
PA,Venango,35.5,42121,0.496741384
PA,Blair,36.2,42013,0.859454393
OH,Putnam,40.0,39137,0.772567868
OK,McIntosh,42.1,40091,0.560224116
PA,Northampton,33.7,42095,0.725746334
SC,Greenwood,40.5,45047,0.816050887
PA,Luzerne,38.7,42079,0.646724403
OH,Summit,39.5,39153,0.909316957
OH,Scioto,43.7,39145,0.780125618
TX,Blanco,34.8,48031,0.978074849
SC,Sumter,40.9,45085,0.705152333
TN,Lewis,39.0,47101,0.647092104
TN,Fentress,40.1,47049,0.372598082
TN,Macon,40.4,47111,0.443066031
SC,Newberry,38.7,45071,0.598257244
TN,Grainger,38.0,47057,0.339486539
TN,Anderson,38.3,47001,0.928337514
TN,Coffee,39.6,47031,0.694058836
TN,Lauderdale,44.5,47097,0.275038302
SC,Marlboro,46.0,45069,0.469098151
SD,Walworth,34.8,46129,1.499250412
TN,Decatur,41.5,47039,0.430997342
TN,Weakley,40.0,47183,0.629987419
TN,Rutherford,33.8,47149,0.787004709
TX,Bowie,40.9,48037,1.048341393
TX,Clay,34.5,48077,0.379146934
TN,Marion,40.8,47115,0.760614038
TN,Sequatchie,38.9,47153,0.593041658
SC,Kershaw,36.5,45055,0.563196599
TX,Coryell,37.7,48099,0.469134837
TX,Bee,43.0,48025,0.461353928
SD,Codington,39.8,46029,0.709572136
TX,Crane,40.3,48103,0.62959075
TN,Shelby,42.6,47157,0.834386528
TN,Loudon,36.3,47105,0.728464782
SD,Hughes,34.8,46065,0.634517789
TN,Gibson,40.0,47053,0.508553863
SC,York,31.2,45091,0.563808978
SD,Lake,35.8,46079,0.560538113
TN,Dickson,35.1,47043,0.809180498
SD,Hand,34.5,46059,1.279181361
SD,Lawrence,35.0,46081,0.800884783
TN,Sullivan,40.7,47163,0.988945246
SD,Beadle,34.7,46005,0.594177067
TN,McNairy,43.1,47109,0.544831872
SD,Grant,33.1,46051,0.857142866
TN,Campbell,39.2,47013,0.727966487
SD,Charles Mix,38.5,46023,0.647808254
TN,Cumberland,37.4,47035,0.535688221
TN,Trousdale,38.6,47169,0.3491925
TN,Houston,38.1,47083,0.482392669
SC,Union,42.9,45087,0.518691421
SD,Brookings,37.8,46011,0.730275512
SC,Hampton,43.7,45049,0.997064173
TN,Hardin,37.5,47071,0.508149922
SC,Jasper,37.5,45053,0.601494253
SD,Custer,37.5,46033,0.665409803
TN,Meigs,38.0,47121,0.319182903
TX,Chambers,38.7,48071,0.723842919
SD,Brule,36.8,46015,0.951655865
TX,Bell,39.0,48027,0.729873717
TN,Clay,39.4,47027,0.524315119
TX,Brown,38.3,48049,0.90346241
TN,Dyer,41.3,47045,0.654075682
SC,Lancaster,36.0,45057,0.594494998
SD,Fall River,36.5,46047,0.44722718
SD,Clay,39.9,46027,0.772146583
TN,Carter,41.3,47019,0.655819058
SC,Oconee,31.6,45073,0.562394559
TN,Sumner,38.4,47165,0.588051796
TN,Moore,36.5,47127,0.621310949
TN,Madison,39.5,47113,0.925172806
SD,Lincoln,32.6,46083,0.412573993
SD,Tripp,41.2,46123,0.74390924
TN,Henderson,43.0,47077,0.641116977
TX,Castro,40.4,48069,0.540832877
TX,Bosque,37.0,48035,0.645057261
SC,Laurens,41.0,45059,0.530324221
TN,Grundy,37.6,47061,0.222469404
TN,Maury,40.7,47119,0.86354053
TN,DeKalb,41.7,47041,0.335940868
TN,Washington,37.1,47179,0.905137062
TN,Monroe,36.1,47123,0.699493408
SC,Horry,34.7,45051,0.911207855
TN,Fayette,36.8,47047,0.336376756
TN,Franklin,39.0,47051,0.423678935
TX,Cherokee,39.1,48073,0.52955085
TN,Unicoi,36.8,47171,0.732188106
SC,McCormick,38.3,45065,0.530222714
TX,Comal,39.1,48091,0.752372384
SD,Yankton,35.3,46135,0.70354408
TX,Bexar,37.3,48029,0.733167112
TX,Baylor,35.9,48023,0.852757275
TN,Stewart,36.6,47161,0.288621098
SC,Lee,49.1,45061,0.419136584
TN,Putnam,38.4,47141,0.753747106
TN,Haywood,44.3,47075,0.941065729
TN,Blount,33.4,47009,0.615950882
TX,Bandera,36.0,48019,0.419093907
TX,Childress,41.1,48075,1.259974837
TN,Jackson,35.5,47087,0.337154418
TX,Archer,36.1,48009,0.343642622
TN,Hawkins,37.5,47073,0.493174821
TN,Warren,39.2,47177,0.552818179
TN,Lincoln,40.5,47103,0.521134913
TN,Greene,38.0,47059,0.718690276
TX,Burnet,41.7,48053,0.684752166
TN,Hickman,39.7,47081,0.236341432
TN,Polk,37.6,47139,0.534600556
SD,Union,32.6,46127,0.308794469
TX,Collin,28.6,48085,0.920649707
TN,Sevier,39.4,47155,1.2192173
TN,Cannon,36.2,47015,0.404122055
TX,Austin,36.3,48015,0.567196071
TX,Cameron,47.6,48061,0.683672011
TN,Knox,37.5,47093,0.975591302
TX,Andrews,39.0,48003,0.582657993
SD,Pennington,34.6,46103,0.698721588
TX,Brazoria,39.6,48039,0.662255108
SC,Lexington,39.0,45063,0.796194077
TX,Anderson,39.5,48001,0.501686692
TN,Carroll,40.6,47017,0.467979401
TN,Cocke,41.5,47029,0.55210489
SD,Brown,35.9,46013,0.851876736
SD,Day,37.8,46037,0.748362958
TN,Smith,36.9,47159,0.394380093
TX,Bastrop,40.2,48021,0.513094842
TN,McMinn,40.4,47107,0.664108634
TN,Cheatham,37.4,47021,0.583927393
TN,Johnson,39.1,47091,0.784357667
SD,Hutchinson,34.1,46067,0.411974728
TN,Hamblen,38.7,47063,0.936876059
TX,Callahan,36.4,48059,0.779588938
TN,Claiborne,41.1,47025,0.468413323
SC,Pickens,36.8,45077,0.828234971
TN,Tipton,39.4,47167,0.387609422
TX,Bailey,37.9,48017,0.59728235
TN,Roane,39.4,47145,0.705781817
TN,Bradley,39.2,47011,0.779308915
TX,Collingsworth,39.4,48087,1.39033711
TN,Rhea,39.3,47143,0.657835722
TX,Aransas,40.3,48007,0.629881561
TN,Montgomery,42.6,47125,0.695446014
TN,Williamson,28.7,47187,0.83962369
TN,Morgan,40.2,47129,0.233306885
TX,Caldwell,39.0,48055,0.522976875
SD,Butte,34.9,46019,0.569368005
TX,Coleman,38.2,48083,0.61728394
TN,Benton,39.8,47005,0.619924366
TN,Lawrence,41.0,47099,0.675189078
TX,Comanche,39.1,48093,0.654545426
SD,Davison,36.9,46035,0.908540249
SC,Spartanburg,36.4,45083,0.714274764
TN,Union,37.7,47173,0.495368302
TX,Cooke,37.3,48097,0.82139492
TX,Brazos,36.9,48041,0.8944121
TX,Atascosa,43.0,48013,0.522001386
TN,Giles,38.2,47055,0.745005071
TX,Camp,39.9,48063,0.612557411
SC,Saluda,38.9,45081,0.295348257
SC,Orangeburg,47.1,45075,0.87880671
TX,Carson,34.2,48065,0.512470126
TN,Hardeman,47.5,47069,0.523433745
SC,Marion,42.4,45067,0.828967452
TX,Armstrong,34.4,48011,1.605136395
TN,Bedford,41.3,47003,0.498216391
TX,Burleson,38.4,48051,0.378092259
SD,Oglala Lakota,43.9,46102,0.213219613
TN,Humphreys,37.7,47085,0.753093064
SC,Williamsburg,47.2,45089,0.33528918
TN,Perry,38.8,47135,0.49388814
TX,Colorado,39.7,48089,0.786672831
TN,Overton,38.0,47133,0.620402396
TN,Jefferson,38.8,47089,0.632831275
TN,Scott,41.2,47151,0.679040313
TN,Hamilton,33.3,47065,0.941715837
TX,Brooks,45.0,48047,1.005169392
TN,Wayne,40.3,47181,0.181554109
TN,Obion,40.9,47131,0.597391367
SC,Richland,33.9,45079,0.787493646
TX,Angelina,41.1,48005,0.783446252
TN,Crockett,39.1,47033,0.493653029
TN,Davidson,32.3,47037,1.089061022
TX,Brewster,35.9,48043,1.190862775
TN,Wilson,36.8,47189,0.708836854
SD,Meade,33.3,46093,0.34979713
TN,Robertson,37.7,47147,0.747146308
TN,Marshall,40.1,47117,0.599725842
TN,Henry,39.4,47079,0.873471439
SD,Minnehaha,33.9,46099,0.849185646
TX,Cass,38.6,48067,0.702834785
TN,Chester,39.2,47023,0.573657632
TX,Calhoun,36.7,48057,0.571401358
TN,White,39.8,47185,0.577471375
TX,Wood,35.9,48499,0.496856838
TX,Nueces,44.0,48355,0.842631638
TX,Pecos,42.0,48371,0.508970618
TX,Kendall,32.8,48259,0.721307397
TX,Fayette,36.0,48149,0.861157894
TX,Harrison,39.9,48203,0.662790358
TX,Parmer,40.0,48369,0.420079827
TX,Houston,40.4,48225,0.525509059
TX,Dallam,40.1,48111,0.962463915
UT,Summit,23.1,49043,1.129438281
TX,Hill,37.1,48217,0.756634057
TX,Mills,34.9,48333,0.619834721
TX,Hood,33.5,48221,0.787066936
TX,Hale,42.7,48189,0.671673715
UT,Salt Lake,32.8,49035,0.854556382
TX,Kleberg,41.5,48273,0.85701102
TX,Wichita,38.9,48485,0.803273141
TX,Eastland,37.2,48133,0.9788993
TX,Lamar,38.6,48277,0.781484842
UT,San Juan,37.3,49037,0.392721564
TX,Taylor,36.5,48441,1.027298808
TX,Potter,38.6,48375,1.034447074
TX,Moore,39.0,48341,0.726251602
TX,Montague,37.2,48337,0.601142168
TX,Midland,38.4,48329,0.888324142
TX,Matagorda,41.2,48321,0.544588149
TX,Scurry,39.1,48415,1.020285726
TX,Trinity,38.9,48455,0.335953772
TX,Van Zandt,36.1,48467,0.590965211
TX,Hutchinson,37.7,48233,0.725443721
TX,Rains,37.5,48379,0.637348652
TX,Lampasas,38.3,48281,0.413052469
TX,Travis,29.4,48453,0.788925529
TX,Kimble,37.6,48267,1.137397647
TX,Hamilton,37.5,48193,1.285497308
TX,Zapata,46.1,48505,0.423370034
TX,Randall,33.9,48381,0.686209321
TX,Maverick,45.2,48323,0.599540949
TX,El Paso,39.3,48141,0.763117433
TX,Haskell,39.7,48207,1.216544986
TX,Reeves,42.7,48389,0.752398252
TX,Hidalgo,47.6,48215,0.545018256
TX,Titus,40.2,48449,0.789649546
TX,Rockwall,34.9,48397,0.882716954
TX,Hardin,37.5,48199,0.703198671
TX,Duval,42.6,48131,0.361729056
TX,Wise,40.4,48497,0.604918122
TX,San Saba,39.4,48411,0.993541956
TX,Mitchell,41.1,48335,0.731528878
TX,Dawson,42.6,48115,0.770772338
TX,Grimes,41.6,48185,0.438981563
UT,Utah,30.7,49049,0.692717552
TX,Wilson,42.1,48493,0.480556667
TX,Orange,41.6,48361,0.651560128
UT,Box Elder,32.0,49003,0.66658479
TX,Fannin,37.8,48147,0.334140837
TX,Henderson,37.3,48213,0.799598992
TX,Upshur,40.5,48459,0.40316844
TX,Frio,41.6,48163,0.785121918
TX,Llano,38.5,48299,0.683122337
TX,Uvalde,41.6,48463,0.822675943
TX,Presidio,44.2,48377,0.614628136
TX,Yoakum,40.7,48501,1.034245014
UT,Sanpete,32.9,49039,0.4459593
TX,Zavala,47.7,48507,0.337837845
TX,Johnson,41.6,48251,0.762912452
TX,Mason,36.3,48319,0.690607727
TX,Jim Hogg,44.9,48247,1.157407403
TX,Lamb,41.7,48279,0.393391043
TX,Stephens,38.8,48429,0.642811239
TX,Hays,34.4,48209,0.770617127
TX,Wharton,41.4,48481,0.839630544
TX,Marion,41.1,48315,0.702811241
UT,Millard,35.4,49027,0.975463331
TX,Ector,40.3,48135,0.822893143
TX,Parker,36.8,48367,0.60054791
TX,Denton,30.7,48121,0.797325015
TX,Lubbock,36.3,48303,0.89588654
TX,Young,38.7,48503,1.172922254
TX,Galveston,39.8,48167,0.762122214
TX,Terry,42.8,48445,0.984979093
TX,Hockley,41.3,48219,0.610793591
TX,Live Oak,40.9,48297,0.892567337
UT,Sevier,35.1,49041,0.964187324
TX,Jasper,40.7,48241,0.593639553
TX,Limestone,40.1,48293,0.599828601
TX,Floyd,41.1,48153,0.881523252
TX,Palo Pinto,36.9,48363,1.023192406
TX,San Jacinto,38.2,48407,0.238899693
TX,Medina,40.3,48325,0.592077613
TX,Lee,38.6,48287,0.919698775
TX,Walker,42.2,48471,0.485006362
TX,McLennan,39.0,48309,0.870134354
TX,Kerr,34.9,48265,0.813331068
TX,Tom Green,37.6,48451,0.833263874
TX,Winkler,39.5,48495,0.507163703
UT,Duchesne,33.0,49013,0.854529023
TX,Nacogdoches,40.6,48347,0.694948494
TX,Ward,40.8,48475,0.578655839
UT,Beaver,32.5,49001,1.47907114
TX,San Patricio,43.3,48409,0.775320947
UT,Iron,33.3,49021,0.880064785
TX,Howard,41.6,48227,0.766283512
TX,Willacy,48.8,48489,0.472567469
TX,Reagan,39.4,48383,0.782676756
TX,Guadalupe,39.4,48187,0.480633974
TX,Milam,37.5,48331,0.728509009
TX,Crockett,38.6,48105,1.992598891
TX,Jackson,39.5,48239,0.807863176
TX,Kaufman,37.5,48257,0.726267099
TX,Smith,39.7,48423,0.886321783
TX,Gillespie,34.2,48171,0.816023767
TX,Runnels,38.1,48399,0.480722994
UT,Davis,30.2,49011,0.6764431
UT,Grand,30.9,49019,1.224989772
TX,Panola,38.3,48365,0.560658991
TX,Robertson,37.9,48395,0.46633634
TX,Gray,40.5,48179,0.738757014
TX,Washington,37.1,48477,0.810712576
TX,Liberty,39.8,48291,0.480627447
TX,Williamson,29.6,48491,0.66358614
TX,Deaf Smith,43.6,48117,0.492422163
TX,Garza,41.2,48169,0.803600132
TX,Hunt,41.8,48231,0.641237617
TX,Jefferson,38.1,48245,0.743622243
TX,Jones,42.6,48253,0.402515709
TX,Dimmit,49.9,48127,0.906800985
UT,Emery,34.5,49015,0.788410366
TX,Dallas,34.8,48113,0.918096662
TX,Somervell,33.2,48425,0.87536931
TX,Tarrant,37.7,48439,0.849131107
TX,Gaines,40.3,48165,0.681942165
TX,Jim Wells,42.6,48249,0.692178369
TX,Wheeler,39.8,48483,1.010917902
UT,Cache,35.0,49005,0.676902235
UT,Uintah,34.5,49047,0.556018889
TX,Gregg,39.9,48183,1.255745411
TX,Madison,40.4,48313,1.594233036
TX,Harris,35.2,48201,0.785099506
TX,La Salle,44.2,48283,1.066666722
TX,Victoria,39.1,48469,0.870170534
TX,Freestone,39.3,48161,0.603803992
TX,Lavaca,37.7,48285,0.395726144
TX,DeWitt,41.0,48123,0.793100059
TX,McCulloch,39.3,48307,1.150453806
TX,Goliad,38.9,48175,0.524521351
UT,Garfield,36.3,49017,1.782178164
TX,Polk,40.4,48373,0.415133506
TX,Hopkins,37.6,48223,0.726392269
TX,Morris,40.6,48343,0.645525694
UT,Kane,36.3,49025,1.010866761
TX,Franklin,34.5,48159,0.646890283
UT,Juab,34.4,49023,1.154924989
TX,Rusk,39.6,48401,0.57065016
TX,Red River,39.9,48387,0.333472282
TX,Falls,42.7,48145,0.289435595
TX,Ochiltree,38.7,48357,0.416753501
UT,Rich,33.1,49033,4.486133575
TX,Shelby,40.9,48419,0.481637567
TX,Jack,38.1,48237,0.772968173
TX,Refugio,40.7,48391,1.163297892
TX,Karnes,40.5,48255,0.899627268
TX,Donley,37.3,48129,1.209189892
TX,Sutton,41.6,48435,1.070091009
TX,Navarro,42.3,48349,0.670690835
TX,Erath,39.7,48143,0.97168237
TX,Webb,41.5,48479,0.731054723
UT,Carbon,35.0,49007,0.818882465
TX,Nolan,41.8,48353,0.943714201
TX,Tyler,40.3,48457,0.370524764
TX,Montgomery,35.4,48339,0.656181574
UT,Tooele,39.0,49045,0.375778407
TX,Wilbarger,41.4,48487,0.876354337
TX,Val Verde,42.1,48465,0.734274268
TX,Waller,41.5,48473,0.435145855
TX,Leon,37.6,48289,0.57165724
TX,Ellis,37.6,48139,0.698790133
TX,Gonzales,39.5,48177,0.66832155
TX,Starr,47.8,48427,0.575732112
TX,Fort Bend,33.1,48157,0.628791511
TX,Grayson,37.2,48181,0.665133953
WA,Mason,37.7,53045,0.425070345
VA,Charlottesville,35.2,51540,1.640042543
WA,Lewis,40.6,53041,0.596767724
VA,Washington,37.2,51191,0.633206069
WV,Tyler,41.7,54095,0.468768299
VA,Buchanan,44.6,51027,0.485130757
VA,Rockbridge,31.8,51163,0.527310252
WV,Ohio,38.1,54069,1.189840198
VA,Botetourt,35.7,51023,0.475723237
VA,Campbell,42.5,51031,0.578620017
WA,Whitman,31.2,53075,0.525252521
VA,Pulaski,35.6,51155,1.031383514
WV,Wetzel,37.1,54103,0.805152953
VA,Bedford,35.2,51019,0.37588805
WI,Adams,38.6,55001,0.243926242
VT,Windsor,25.6,50027,0.691059887
VA,Harrisonburg,40.4,51660,1.334486127
VA,Lynchburg,39.5,51680,1.177033186
WV,Cabell,41.8,54011,1.05907917
VA,King William,38.5,51101,0.510175169
WA,Walla Walla,32.7,53071,0.522090971
VA,Stafford,37.0,51179,0.567790329
VT,Franklin,31.1,50011,0.462916374
VA,Shenandoah,37.9,51171,0.546634793
WV,Logan,41.0,54045,0.788942158
VA,Carroll,38.9,51035,0.332513124
WV,Mingo,41.1,54059,0.217855424
VA,Emporia,47.1,51595,1.902225614
VA,Appomattox,42.4,51011,0.436327368
VA,Henry,43.4,51089,0.596314788
WA,Grays Harbor,36.5,53027,0.605661631
WV,Marion,39.8,54049,0.78624779
VA,Hampton,42.2,51650,0.907990336
VA,Chesterfield,37.7,51041,0.667141199
VA,Augusta,37.8,51015,0.37886706
VA,Amelia,43.0,51007,0.461041957
VA,Dinwiddie,38.2,51053,0.313720018
WA,Douglas,37.8,53017,0.275482088
VA,Franklin,33.5,51067,0.462905258
VA,Floyd,36.8,51063,0.253533632
VA,Giles,36.9,51071,0.840184867
VA,Fairfax,27.0,51059,0.841119647
UT,Washington,29.1,49053,0.789560497
WV,Hampshire,42.0,54027,0.344976276
WA,Jefferson,26.1,53031,0.550458729
WV,Boone,41.5,54005,0.189978629
VA,Petersburg,46.5,51730,1.280956507
VA,Southampton,42.4,51175,0.170106605
VA,Northumberland,38.8,51133,0.248570725
VA,Northampton,41.8,51131,0.85667783
VA,Page,40.2,51139,0.752099633
VA,Sussex,44.0,51183,0.640732288
VA,Middlesex,40.1,51119,0.567698002
VA,Portsmouth,45.2,51740,0.925400138
VA,Alexandria,29.5,51510,0.781220496
VA,Waynesboro,38.1,51820,1.275229812
VA,Lee,40.5,51105,0.344263703
WV,Morgan,38.5,54065,0.22380127
VA,Madison,37.0,51113,0.375600964
VT,Addison,26.4,50001,0.488453507
VA,Hanover,38.1,51085,0.794369221
WA,Pierce,35.8,53053,0.594163418
WA,Thurston,33.6,53067,0.564483762
WA,Grant,42.0,53025,0.533322573
WV,Mineral,43.1,54057,0.486490518
WV,Wood,38.1,54107,0.976633132
WV,Grant,41.1,54023,0.43440488
WA,Cowlitz,39.0,53015,0.610571861
VT,Lamoille,25.4,50015,0.828696549
WA,Yakima,42.0,53077,0.56773293
WV,Pendleton,38.5,54071,0.577034056
WA,Pacific,36.5,53049,0.522102356
VA,Nelson,34.8,51125,0.338868171
VA,Nottoway,44.4,51135,0.659630597
VA,Mathews,33.3,51115,0.570385575
WA,Clallam,34.5,53009,0.486761361
WV,Preston,41.0,54077,0.269622535
VA,Pittsylvania,43.9,51143,0.317460328
WV,Fayette,39.4,54019,0.546811879
VA,Manassas Park,37.4,51685,0.333259284
UT,Weber,34.4,49057,0.677687347
WA,Adams,38.3,53001,0.449393332
VA,Falls Church,30.1,51610,2.050440788
WV,Jefferson,34.8,54037,0.591448367
VA,Fredericksburg,38.2,51630,1.627560019
WV,Brooke,39.8,54009,0.922764599
WV,Nicholas,39.4,54067,0.739523411
VA,Colonial Heights,39.1,51570,2.266782999
WV,Wyoming,46.0,54109,0.248471901
UT,Wasatch,25.8,49051,0.566572249
VA,Caroline,41.6,51033,0.356448472
WV,Berkeley,40.3,54003,0.614124894
WI,Ashland,38.0,55003,0.583846927
WV,Mason,44.3,54053,0.455667377
VT,Chittenden,24.5,50007,0.712085962
VA,Bristol,41.3,51520,2.019735813
VA,Wise,41.7,51195,0.752566814
VA,Tazewell,40.7,51185,0.764884412
WV,Barbour,40.8,54001,0.486499637
VA,Norton,41.8,51720,3.011292458
WA,Benton,40.0,53005,0.620076954
UT,Wayne,33.2,49055,1.449800611
VA,Richmond,35.8,51760,0.826780796
VA,Winchester,37.9,51840,1.94945848
WV,Wayne,45.6,54099,0.460900307
WA,Kitsap,31.4,53035,0.579206467
WV,Monongalia,36.7,54061,1.151480556
WA,Pend Oreille,32.8,53051,0.212104067
WV,Raleigh,39.6,54081,0.69939661
VA,Salem,35.2,51775,1.381215453
VA,York,33.7,51199,0.953770995
WV,Summers,42.8,54089,0.401800066
WV,Roane,39.8,54087,0.370864868
VA,Culpeper,38.2,51047,0.65336293
VA,Clarke,34.1,51043,0.410340577
VA,Charlotte,40.7,51037,0.253807098
VA,Radford,38.1,51750,0.438236088
VA,Powhatan,35.8,51145,0.398036361
VA,Williamsburg,37.7,51830,1.57284224
VA,Wythe,38.4,51197,0.803633809
VA,Dickenson,42.9,51051,0.426196903
VA,Gloucester,36.6,51073,0.667396367
VA,Martinsville,44.5,51690,1.618777871
VA,Fluvanna,38.7,51065,0.218802422
VA,Buena Vista,40.1,51530,0.781005919
VT,Orleans,32.9,50019,0.334609807
VA,Essex,39.0,51057,0.731060982
VA,Frederick,37.6,51069,0.515809
VA,Danville,45.7,51590,1.730667949
VA,Warren,38.1,51187,0.667078435
VA,Fauquier,33.4,51061,0.728689313
VA,Hopewell,45.9,51670,0.849161983
WA,Kittitas,31.0,53037,0.833265603
VA,Covington,38.8,51580,1.418691278
VA,Lancaster,40.6,51103,0.659257889
VA,New Kent,37.2,51127,0.380581856
VA,Virginia Beach,32.9,51810,1.030514359
VA,Orange,36.8,51137,0.769332826
VA,Poquoson,33.2,51735,0.734274268
VA,Albemarle,31.7,51003,0.650688648
VA,Mecklenburg,41.4,51117,0.912676394
VT,Bennington,28.3,50003,0.707453728
VA,James City,33.8,51095,0.515384197
VA,Galax,41.1,51640,2.223634005
WV,Putnam,38.1,54079,0.99241513
WA,Asotin,34.8,53003,0.438212097
WV,Lewis,40.5,54041,1.075608969
VA,Henrico,35.1,51087,0.943774998
WV,Mercer,42.5,54055,0.532115757
WA,Franklin,39.7,53021,0.453257799
WA,Okanogan,38.6,53047,0.492726415
VA,Scott,38.6,51169,0.647279143
VA,Spotsylvania,38.3,51177,0.657281756
WV,Hancock,45.1,54029,0.910013676
VA,Goochland,31.7,51075,0.368384421
VA,Greene,36.8,51079,0.645770192
VA,Newport News,40.6,51700,0.949391842
VT,Washington,26.8,50023,0.702921391
VA,Prince George,41.2,51149,0.413586318
WV,Marshall,42.3,54051,0.597947061
VA,Russell,39.4,51167,0.637970507
WA,Snohomish,32.9,53061,0.651498735
VA,Louisa,38.9,51109,0.340921015
VT,Caledonia,29.7,50005,0.706951678
VA,Patrick,40.8,51141,0.400160074
WA,King,22.8,53033,0.761547983
WV,Jackson,37.1,54035,0.773204923
VA,Loudoun,28.6,51107,0.70958221
VA,Montgomery,35.8,51121,0.792755425
VA,King George,35.2,51099,0.620868504
VA,Suffolk,41.5,51800,0.734722555
VA,Westmoreland,41.7,51193,0.165298358
VA,Chesapeake,41.2,51550,0.870406568
VA,Rappahannock,36.1,51157,0.550964177
WV,Upshur,41.2,54097,0.619067252
VA,Bland,39.5,51021,0.641128361
WV,Pleasants,41.3,54073,0.672223687
WA,San Juan,25.9,53055,0.628858924
VA,Alleghany,40.9,51005,0.544180691
VA,Buckingham,41.3,51029,0.174743712
VA,Halifax,43.1,51083,0.683852196
VA,Prince Edward,43.0,51147,0.608536899
WV,Randolph,41.3,54083,0.457956105
VA,Arlington,25.9,51013,1.032821178
VA,Rockingham,34.9,51165,0.364316434
WA,Whatcom,28.2,53073,0.558402896
VA,Smyth,40.7,51173,0.598205388
WV,McDowell,44.3,54047,0.295578152
WV,Harrison,40.4,54033,0.897263348
VA,Roanoke,36.4,51770,0.888368428
WV,Tucker,37.9,54093,0.733568072
WA,Spokane,34.0,53063,0.675848365
VA,Manassas,35.1,51683,1.443637013
VA,Lexington,35.1,51678,1.37381506
VA,Prince William,33.1,51153,0.70236975
VA,Fairfax,32.2,51600,3.32920742
VA,Franklin,46.9,51620,1.531980038
WA,Klickitat,32.5,53039,0.308410794
WA,Clark,32.6,53011,0.515230477
VA,Roanoke,34.2,51161,0.634860158
VA,Staunton,39.9,51790,1.071853876
WV,Taylor,40.3,54091,0.538954437
WA,Skamania,35.8,53059,0.330387384
WA,Lincoln,34.9,53043,0.450856626
WV,Greenbrier,42.8,54025,0.845012963
WV,Hardy,42.9,54031,0.366757125
WA,Island,33.7,53029,0.360406458
VT,Rutland,30.7,50021,0.709784627
VA,Norfolk,40.0,51710,1.037878394
WA,Stevens,32.2,53065,0.496117353
VT,Windham,26.0,50025,0.856836855
WV,Kanawha,40.3,54039,1.077995777
WA,Chelan,28.8,53007,0.709000409
WA,Skagit,36.8,53057,0.604026318
VA,Accomack,44.0,51001,0.651405156
VT,Orange,26.7,50017,0.277421355
VA,Brunswick,45.3,51025,0.249423206
VA,Amherst,36.1,51009,0.631572306
WV,Ritchie,40.8,54085,0.421096951
WI,Washburn,35.7,55129,0.254582494
WI,Dunn,41.0,55033,0.484027117
WY,Laramie,34.3,56021,0.626273692
WI,Washington,37.1,55131,0.615632653
WI,Iowa,39.4,55049,0.423011839
WI,Green Lake,41.3,55047,0.423101336
WI,Pierce,34.7,55093,0.374707252
WI,Shawano,45.0,55115,0.514882565
WI,Lafayette,39.5,55065,0.36044696
WY,Teton,22.2,56039,0.680938005
WI,Milwaukee,39.4,55079,0.686760843
WI,Buffalo,40.1,55011,0.230184913
WY,Natrona,37.8,56025,0.631070971
WI,Oconto,39.9,55083,0.390798002
WY,Goshen,34.7,56015,0.528900623
WI,Vilas,35.1,55125,0.581499398
WI,Grant,40.5,55043,0.372395694
WI,Sauk,39.6,55111,0.83787179
WI,Calumet,39.7,55015,0.338584721
WY,Carbon,36.2,56007,0.543810725
WY,Albany,35.0,56001,0.641848505
WI,Portage,36.0,55097,0.675751746
WI,Waupaca,36.7,55135,0.592136443
WY,Converse,37.0,56009,0.36221385
WY,Lincoln,31.6,56023,0.543129385
WI,Rock,38.1,55105,0.686762631
WI,Langlade,39.7,55067,0.627647877
WI,Sheboygan,40.5,55117,0.650815666
WI,Jackson,44.5,55053,0.581677198
WY,Platte,32.4,56031,0.46630916
WI,Outagamie,39.5,55087,0.693980932
WI,Racine,40.0,55101,0.704793632
WI,Richland,41.8,55103,0.405608982
WY,Fremont,37.9,56013,0.559554398
WI,Polk,40.0,55095,0.548020303
WI,St. Croix,33.6,55109,0.566214442
WI,Kenosha,43.2,55059,0.660100996
WI,La Crosse,34.6,55063,0.784796894
WI,Sawyer,41.1,55113,0.479041904
WY,Johnson,31.2,56019,0.698649287
WI,Green,40.2,55045,0.573723495
WY,Campbell,35.0,56005,0.642728627
WI,Price,42.1,55099,0.377500951
WI,Jefferson,39.6,55055,0.611491323
WI,Winnebago,39.6,55139,0.658389211
WI,Forest,42.3,55041,0.334821433
WI,Pepin,39.3,55091,0.687663317
WI,Fond du Lac,41.7,55039,0.612232983
WI,Brown,36.6,55009,0.699142158
WI,Rusk,36.8,55107,0.427899003
WI,Dane,31.6,55025,0.814426601
WI,Marquette,40.9,55077,0.320821315
WI,Crawford,39.1,55023,0.436926544
WY,Hot Springs,38.8,56017,0.903954804
WI,Waukesha,32.0,55133,0.69921118
WI,Clark,43.1,55019,0.316820264
WI,Kewaunee,39.6,55061,0.392426163
WY,Park,33.2,56029,0.579591572
WI,Taylor,40.7,55119,0.344522089
WI,Barron,39.4,55005,0.510090947
WI,Manitowoc,43.5,55071,0.507891357
WI,Trempealeau,39.1,55121,0.404299051
WI,Juneau,39.6,55057,0.445964038
WI,Ozaukee,34.0,55089,0.732983112
WI,Door,37.2,55029,0.968123615
WI,Marinette,41.3,55075,0.670607507
WI,Monroe,38.7,55081,0.407882869
WY,Sheridan,31.6,56033,0.680426419
WI,Columbia,38.7,55021,0.554900467
WI,Burnett,43.1,55013,0.38567847
WI,Walworth,33.3,55127,0.71186018
WI,Lincoln,40.3,55069,0.652978301
WI,Waushara,41.8,55137,0.369974524
WI,Wood,40.9,55141,0.592612982
WY,Big Horn,34.7,56003,0.345572352
WI,Eau Claire,35.8,55035,0.788523674
WY,Uinta,35.5,56041,0.69255501
WI,Marathon,35.9,55073,0.553125918
WI,Oneida,38.5,55085,0.615367413
WI,Dodge,40.5,55027,0.412201166
WI,Vernon,40.4,55123,0.291630208
WI,Chippewa,40.0,55017,0.525201976
WY,Sweetwater,36.3,56037,0.60928458
WI,Douglas,40.4,55031,0.549173951
