FIPS,State,County,fast_food_density
01001,AL,Autauga,0.801496148
01003,AL,Baldwin,0.750151575
01005,AL,Barbour,0.976046205
01007,AL,Bibb,0.316226959
01009,AL,Blount,0.414658159
01011,AL,Bullock,0.300721735
01013,AL,Butler,1.076702237
01015,AL,Calhoun,0.916549921
01017,AL,Chambers,0.973680198
01019,AL,Cherokee,0.684566796
01021,AL,Chilton,0.608149171
01023,AL,Choctaw,0.644226134
01025,AL,Clarke,1.159246087
01027,AL,Clay,0.381330073
01029,AL,Cleburne,0.534509242
01031,AL,Coffee,0.920533538
01033,AL,Colbert,0.992582679
01035,AL,Conecuh,0.67504853
01039,AL,Covington,0.866504192
01041,AL,Crenshaw,0.51165849
01043,AL,Cullman,0.816423118
01045,AL,Dale,0.612757623
01047,AL,Dallas,0.692559123
01049,AL,DeKalb,0.544251859
01051,AL,Elmore,0.632926822
01053,AL,Escambia,0.88200438
01055,AL,Etowah,0.830313265
01057,AL,Fayette,0.554153085
01059,AL,Franklin,0.507823646
01061,AL,Geneva,0.567945182
01065,AL,Hale,0.408997953
01067,AL,Henry,0.638680816
01069,AL,Houston,1.135297418
01071,AL,Jackson,0.63975805
01073,AL,Jefferson,1.040678024
01075,AL,Lamar,0.508573115
01077,AL,Lauderdale,0.82469368
01079,AL,Lawrence,0.517393529
01081,AL,Lee,0.911101639
01083,AL,Limestone,0.479320735
01087,AL,Macon,0.72645992
01089,AL,Madison,0.956640244
01091,AL,Marengo,1.067634702
01093,AL,Marion,0.908999085
01095,AL,Marshall,0.96917206
01097,AL,Mobile,0.780197501
01099,AL,Monroe,0.537660658
01101,AL,Montgomery,1.112896681
01103,AL,Morgan,0.78409785
01107,AL,Pickens,0.353660375
01109,AL,Pike,1.061699986
01111,AL,Randolph,0.436300188
01113,AL,Russell,0.910074353
01115,AL,St. Clair,0.694299042
01117,AL,Shelby,0.803873062
01119,AL,Sumter,0.654396713
01121,AL,Talladega,0.66262424
01123,AL,Tallapoosa,0.647845924
01125,AL,Tuscaloosa,0.849315345
01127,AL,Walker,0.744342208
01131,AL,Wilcox,0.391926318
01133,AL,Winston,0.510464549
02020,AK,Anchorage,0.74191469
02050,AK,Bethel,0.325432569
02068,AK,Denali,1.441614628
02090,AK,Fairbanks North Star,0.449550986
02100,AK,Haines,1.530221939
02110,AK,Juneau,0.879148483
02122,AK,Kenai Peninsula,0.757397234
02130,AK,Ketchikan Gateway,0.872917712
02150,AK,Kodiak Island,0.538793087
02170,AK,Matanuska-Susitna,0.426446974
02185,AK,North Slope,0.430385202
02195,AK,Petersburg,1.516990304
02198,AK,Prince of Wales-Hyder,0.488042951
02220,AK,Sitka,0.356930405
02240,AK,Southeast Fairbanks,0.57496047
04001,AZ,Apache,0.194782615
04003,AZ,Cochise,0.502157688
04005,AZ,Coconino,0.933457792
04007,AZ,Gila,0.515625298
04009,AZ,Graham,0.510060966
04012,AZ,La Paz,0.884543777
04013,AZ,Maricopa,0.739012897
04015,AZ,Mohave,0.603114069
04017,AZ,Navajo,0.651134551
04019,AZ,Pima,0.677550852
04021,AZ,Pinal,0.307802379
04023,AZ,Santa Cruz,0.320458055
04025,AZ,Yavapai,0.582784534
04027,AZ,Yuma,0.619766414
05001,AR,Arkansas,0.690329611
05003,AR,Ashley,0.775634706
05005,AR,Baxter,0.6628474
05007,AR,Benton,0.696046054
05009,AR,Boone,0.637873769
05011,AR,Bradley,0.469968975
05015,AR,Carroll,0.495119542
05017,AR,Chicot,0.604594946
05019,AR,Clark,0.814369082
05021,AR,Clay,0.347826093
05023,AR,Cleburne,0.92239821
05027,AR,Columbia,0.900090039
05029,AR,Conway,0.285211772
05031,AR,Craighead,0.810726523
05033,AR,Crawford,0.504660249
05035,AR,Crittenden,0.77704972
05037,AR,Cross,0.929252863
05039,AR,Dallas,0.441046745
05041,AR,Desha,0.900090039
05043,AR,Drew,0.778772891
05045,AR,Faulkner,0.756387949
05047,AR,Franklin,0.335251719
05049,AR,Fulton,0.242306754
05051,AR,Garland,0.861818433
05053,AR,Grant,0.271017402
05055,AR,Greene,0.592144191
05057,AR,Hempstead,0.799887061
05059,AR,Hot Spring,0.503152072
05061,AR,Howard,0.839118183
05063,AR,Independence,0.874010146
05065,AR,Izard,0.293836772
05067,AR,Jackson,0.420774221
05069,AR,Jefferson,0.887162149
05071,AR,Johnson,0.64119488
05073,AR,Lafayette,0.45482111
05075,AR,Lawrence,0.304692268
05077,AR,Lee,0.35240221
05079,AR,Lincoln,0.463535219
05081,AR,Little River,0.656814456
05083,AR,Logan,0.513778627
05085,AR,Lonoke,0.527590275
05087,AR,Madison,0.300408542
05089,AR,Marion,0.416914821
05091,AR,Miller,0.602172434
05093,AR,Mississippi,0.823641002
05095,AR,Monroe,1.518833518
05097,AR,Montgomery,0.333111256
05099,AR,Nevada,0.370416105
05103,AR,Ouachita,0.64747268
05105,AR,Perry,0.290500641
05107,AR,Phillips,0.404647678
05109,AR,Pike,0.375833869
05111,AR,Poinsett,0.687196672
05113,AR,Polk,0.405947119
05115,AR,Pope,0.854913414
05119,AR,Pulaski,0.966970325
05121,AR,Randolph,0.493231773
05123,AR,St. Francis,0.445668906
05125,AR,Saline,0.556595266
05127,AR,Scott,0.491932303
05129,AR,Searcy,0.51007396
05131,AR,Sebastian,0.830786109
05133,AR,Sevier,0.41911149
05135,AR,Sharp,0.401744723
05137,AR,Stone,0.710115194
05139,AR,Union,0.811114907
05141,AR,Van Buren,0.483646691
05143,AR,Washington,0.744194448
05145,AR,White,0.736704409
05147,AR,Woodruff,0.638569593
05149,AR,Yell,0.519333363
06001,CA,Alameda,0.827155709
06003,CA,Alpine,2.680965185
06005,CA,Amador,0.573809326
06007,CA,Butte,0.737976134
06009,CA,Calaveras,0.60464716
06011,CA,Colusa,0.417478442
06013,CA,Contra Costa,0.678623259
06015,CA,Del Norte,0.321796328
06017,CA,El Dorado,0.673837006
06019,CA,Fresno,0.731328666
06021,CA,Glenn,0.671781659
06023,CA,Humboldt,0.622328222
06025,CA,Imperial,0.610205948
06027,CA,Inyo,0.997450948
06029,CA,Kern,0.726678073
06031,CA,Kings,0.674560547
06033,CA,Lake,0.542812407
06035,CA,Lassen,0.533049047
06037,CA,Los Angeles,0.879006267
06039,CA,Madera,0.507096171
06041,CA,Marin,0.773320079
06043,CA,Mariposa,0.349650353
06045,CA,Mendocino,0.720419228
06047,CA,Merced,0.529987276
06051,CA,Mono,1.65130043
06053,CA,Monterey,0.666038513
06055,CA,Napa,0.566322207
06057,CA,Nevada,0.622452438
06059,CA,Orange,0.970046937
06061,CA,Placer,0.878520906
06063,CA,Plumas,0.579954684
06065,CA,Riverside,0.69621098
06067,CA,Sacramento,0.772217631
06069,CA,San Benito,0.515182257
06071,CA,San Bernardino,0.773347855
06073,CA,San Diego,0.853432059
06075,CA,San Francisco,1.152773023
06077,CA,San Joaquin,0.658882499
06079,CA,San Luis Obispo,0.9247154
06081,CA,San Mateo,0.767498195
06083,CA,Santa Barbara,0.847636759
06085,CA,Santa Clara,0.798068285
06087,CA,Santa Cruz,0.696489751
06089,CA,Shasta,0.714975953
06093,CA,Siskiyou,0.71684587
06095,CA,Solano,0.660051227
06097,CA,Sonoma,0.645136237
06099,CA,Stanislaus,0.707168579
06101,CA,Sutter,0.66400373
06103,CA,Tehama,0.511675477
06105,CA,Trinity,0.491159141
06107,CA,Tulare,0.614491761
06109,CA,Tuolumne,0.476932943
06111,CA,Ventura,0.772533894
06113,CA,Yolo,0.709968686
06115,CA,Yuba,0.399201602
08001,CO,Adams,0.673228383
08003,CO,Alamosa,0.988875151
08005,CO,Arapahoe,0.765074849
08007,CO,Archuleta,0.563539028
08013,CO,Boulder,0.886386633
08014,CO,Broomfield,1.010576487
08015,CO,Chaffee,1.113208413
08019,CO,Clear Creek,0.938869178
08029,CO,Delta,0.611581445
08031,CO,Denver,0.895942807
08035,CO,Douglas,0.620928645
08037,CO,Eagle,0.928471327
08039,CO,Elbert,0.183063015
08041,CO,El Paso,0.685147822
08043,CO,Fremont,0.355150729
08045,CO,Garfield,0.844846427
08049,CO,Grand,1.07635808
08051,CO,Gunnison,0.909452617
08055,CO,Huerfano,0.581141949
08059,CO,Jefferson,0.730348706
08063,CO,Kit Carson,0.983008027
08065,CO,Lake,0.500813842
08067,CO,La Plata,0.990028977
08069,CO,Larimer,0.793501079
08071,CO,Las Animas,1.248266339
08073,CO,Lincoln,0.704225361
08075,CO,Logan,0.591608286
08077,CO,Mesa,0.687647402
08081,CO,Moffat,0.760803401
08083,CO,Montezuma,0.643744349
08085,CO,Montrose,0.69248879
08087,CO,Morgan,0.760167241
08089,CO,Otero,0.769188523
08091,CO,Ouray,1.199760079
08093,CO,Park,0.26378265
08095,CO,Phillips,0.686970472
08097,CO,Pitkin,1.341231704
08099,CO,Prowers,1.073847651
08101,CO,Pueblo,0.61240232
08103,CO,Rio Blanco,0.630715847
08105,CO,Rio Grande,0.354107648
08107,CO,Routt,0.899843514
08111,CO,San Juan,6.684492111
08113,CO,San Miguel,1.480567575
08117,CO,Summit,1.632333279
08119,CO,Teller,0.626738191
08123,CO,Weld,0.541943729
08125,CO,Yuma,0.298596591
09001,CT,Fairfield,0.780963182
09003,CT,Hartford,0.757962525
09005,CT,Litchfield,0.651411414
09007,CT,Middlesex,0.729940534
09009,CT,New Haven,0.791128099
09011,CT,New London,0.769814253
09013,CT,Tolland,0.478087664
09015,CT,Windham,0.592071414
10001,DE,Kent,0.62076962
10003,DE,New Castle,0.854805887
10005,DE,Sussex,0.765617549
12001,FL,Alachua,0.796407342
12003,FL,Baker,0.541162133
12005,FL,Bay,0.904729128
12007,FL,Bradford,0.559577525
12009,FL,Brevard,0.619598031
12011,FL,Broward,0.72161603
12013,FL,Calhoun,0.497229725
12015,FL,Charlotte,0.400593698
12017,FL,Citrus,0.450950921
12019,FL,Clay,0.60873878
12021,FL,Collier,0.572558403
12023,FL,Columbia,0.715721071
12027,FL,DeSoto,0.311526477
12029,FL,Dixie,0.410388708
12031,FL,Duval,0.869944811
12033,FL,Escambia,0.663845837
12035,FL,Flagler,0.481211632
12037,FL,Franklin,0.409802467
12039,FL,Gadsden,0.530070484
12041,FL,Gilchrist,0.423616618
12045,FL,Gulf,0.591103911
12047,FL,Hamilton,0.413194686
12049,FL,Hardee,0.410111099
12051,FL,Hendry,0.490505219
12053,FL,Hernando,0.523159862
12055,FL,Highlands,0.478249043
12057,FL,Hillsborough,0.61884284
12059,FL,Holmes,0.25518015
12061,FL,Indian River,0.541478455
12063,FL,Jackson,0.650971055
12065,FL,Jefferson,0.481331229
12069,FL,Lake,0.476707906
12071,FL,Lee,0.541246653
12073,FL,Leon,1.011981368
12075,FL,Levy,0.544842958
12079,FL,Madison,0.588015199
12081,FL,Manatee,0.481495261
12083,FL,Marion,0.527424753
12085,FL,Martin,0.703321636
12086,FL,Miami-Dade,0.653417826
12087,FL,Monroe,0.906630576
12089,FL,Nassau,0.669498324
12091,FL,Okaloosa,0.883375645
12093,FL,Okeechobee,0.378277421
12095,FL,Orange,0.854459882
12097,FL,Osceola,0.713701785
12099,FL,Palm Beach,0.659326077
12101,FL,Pasco,0.473342061
12103,FL,Pinellas,0.740170479
12105,FL,Polk,0.525148034
12107,FL,Putnam,0.454454333
12109,FL,St. Johns,0.627881527
12111,FL,St. Lucie,0.507138491
12113,FL,Santa Rosa,0.586869955
12115,FL,Sarasota,0.469033629
12117,FL,Seminole,0.784527123
12119,FL,Sumter,0.273345888
12121,FL,Suwannee,0.512809098
12123,FL,Taylor,0.694444418
12125,FL,Union,0.263469905
12127,FL,Volusia,0.605524182
12129,FL,Wakulla,0.349660546
12131,FL,Walton,0.782799304
12133,FL,Washington,0.694123089
13001,GA,Appling,0.763983607
13003,GA,Atkinson,0.595734537
13005,GA,Bacon,0.996737957
13009,GA,Baldwin,1.064325094
13011,GA,Banks,0.723439455
13013,GA,Barrow,0.490722984
13015,GA,Bartow,0.685394704
13017,GA,Ben Hill,0.662092209
13019,GA,Berrien,0.463726312
13021,GA,Bibb,1.185043573
13023,GA,Bleckley,0.69471246
13025,GA,Brantley,0.312467456
13027,GA,Brooks,0.520935059
13029,GA,Bryan,0.736105978
13031,GA,Bulloch,0.779326797
13033,GA,Burke,0.618156135
13035,GA,Butts,0.707936764
13039,GA,Camden,0.794395924
13043,GA,Candler,0.910332263
13045,GA,Carroll,0.830366731
13047,GA,Catoosa,0.779457629
13049,GA,Charlton,0.446760982
13051,GA,Chatham,1.074403286
13053,GA,Chattahoochee,0.568666458
13055,GA,Chattooga,0.523286223
13057,GA,Cherokee,0.64838618
13059,GA,Clarke,0.970304012
13063,GA,Clayton,0.731258929
13065,GA,Clinch,0.911577046
13067,GA,Cobb,0.965994895
13069,GA,Coffee,0.786709249
13071,GA,Colquitt,0.658732593
13073,GA,Columbia,0.68588388
13075,GA,Cook,0.867503345
13077,GA,Coweta,0.662914574
13079,GA,Crawford,0.245278388
13081,GA,Crisp,1.043841362
13083,GA,Dade,0.747337639
13085,GA,Dawson,1.327776313
13087,GA,Decatur,0.907132328
13089,GA,DeKalb,0.864819169
13091,GA,Dodge,0.488949746
13093,GA,Dooly,0.759070873
13095,GA,Dougherty,1.133249283
13097,GA,Douglas,0.810876548
13099,GA,Early,0.896682262
13103,GA,Effingham,0.456169695
13105,GA,Elbert,0.5689165
13107,GA,Emanuel,0.755320549
13109,GA,Evans,0.846023679
13111,GA,Fannin,0.829531312
13113,GA,Fayette,0.975643456
13115,GA,Floyd,0.821467698
13117,GA,Forsyth,0.68966341
13119,GA,Franklin,0.850919008
13121,GA,Fulton,1.132353544
13123,GA,Gilmer,0.656701505
13127,GA,Glynn,1.005048633
13129,GA,Gordon,0.663491011
13131,GA,Grady,0.653301239
13133,GA,Greene,0.53087008
13135,GA,Gwinnett,0.972813189
13137,GA,Habersham,0.651508212
13139,GA,Hall,0.692188919
13141,GA,Hancock,0.588650823
13143,GA,Haralson,0.592436552
13145,GA,Harris,0.277161866
13147,GA,Hart,0.53018254
13149,GA,Heard,0.250563771
13151,GA,Henry,0.790335357
13153,GA,Houston,0.95559305
13157,GA,Jackson,0.511817753
13159,GA,Jasper,0.483325273
13161,GA,Jeff Davis,0.65733254
13163,GA,Jefferson,0.786009014
13165,GA,Jenkins,0.914703846
13167,GA,Johnson,0.517223537
13169,GA,Jones,0.277903229
13171,GA,Lamar,0.41534707
13173,GA,Lanier,0.465679437
13175,GA,Laurens,0.926081836
13177,GA,Lee,0.496130198
13179,GA,Liberty,1.047552586
13181,GA,Lincoln,0.373552471
13183,GA,Long,0.198304489
13185,GA,Lowndes,0.955457091
13187,GA,Lumpkin,0.526531339
13189,GA,McDuffie,1.039599299
13191,GA,McIntosh,0.834086299
13193,GA,Macon,0.550660789
13195,GA,Madison,0.459664434
13197,GA,Marion,0.352278054
13199,GA,Meriwether,0.378000379
13205,GA,Mitchell,0.648088157
13207,GA,Monroe,0.570572734
13209,GA,Montgomery,0.332889467
13211,GA,Morgan,0.967610538
13213,GA,Murray,0.674460411
13215,GA,Muscogee,1.186100721
13217,GA,Newton,0.644335568
13219,GA,Oconee,0.778134406
13221,GA,Oglethorpe,0.260027289
13223,GA,Paulding,0.484543622
13225,GA,Peach,0.966010749
13227,GA,Pickens,0.633924007
13229,GA,Pierce,0.66591537
13231,GA,Pike,0.418388158
13233,GA,Polk,0.770308137
13235,GA,Pulaski,0.893575191
13237,GA,Putnam,0.444049746
13241,GA,Rabun,0.926301181
13243,GA,Randolph,0.598623157
13245,GA,Richmond,0.851152301
13247,GA,Rockdale,1.022663593
13251,GA,Screven,0.428204387
13253,GA,Seminole,0.372208446
13255,GA,Spalding,0.801020563
13257,GA,Stephens,0.651166379
13261,GA,Sumter,0.819616139
13267,GA,Tattnall,0.512517273
13269,GA,Taylor,0.371563047
13271,GA,Telfair,0.506938696
13273,GA,Terrell,0.586647868
13275,GA,Thomas,0.8563959
13277,GA,Tift,1.129693747
13279,GA,Toombs,1.075149179
13281,GA,Towns,0.816526473
13283,GA,Treutlen,0.439753741
13285,GA,Troup,0.854530454
13287,GA,Turner,1.014970779
13291,GA,Union,0.709835172
13293,GA,Upson,0.753948808
13295,GA,Walker,0.356552005
13297,GA,Walton,0.547096789
13299,GA,Ware,1.11650753
13303,GA,Washington,0.645161271
13305,GA,Wayne,0.732771516
13311,GA,White,0.739692569
13313,GA,Whitfield,0.847482085
13317,GA,Wilkes,0.515782952
13321,GA,Worth,0.450630873
15001,HI,Hawaii,0.786859453
15003,HI,Honolulu,1.046869397
15007,HI,Kauai,1.155168295
15009,HI,Maui,0.750437737
16001,ID,Ada,0.768609941
16005,ID,Bannock,0.709499419
16007,ID,Bear Lake,0.651147664
16009,ID,Benewah,0.636267245
16011,ID,Bingham,0.466081947
16013,ID,Blaine,1.109877944
16017,ID,Bonner,0.576713562
16019,ID,Bonneville,0.671393692
16021,ID,Boundary,0.474083453
16027,ID,Canyon,0.480905116
16029,ID,Caribou,0.421170861
16031,ID,Cassia,0.906207502
16035,ID,Clearwater,0.452181786
16037,ID,Custer,1.176747441
16039,ID,Elmore,0.510055363
16041,ID,Franklin,0.562785804
16043,ID,Fremont,0.756544113
16045,ID,Gem,0.588140965
16047,ID,Gooding,0.512229502
16049,ID,Idaho,0.416097015
16051,ID,Jefferson,0.359700471
16053,ID,Jerome,0.569615126
16055,ID,Kootenai,0.726727128
16057,ID,Latah,0.808229268
16059,ID,Lemhi,0.496647626
16065,ID,Madison,0.967309892
16067,ID,Minidoka,0.235671192
16069,ID,Nez Perce,0.760642886
16071,ID,Oneida,1.106194735
16073,ID,Owyhee,0.741778612
16075,ID,Payette,0.282588512
16077,ID,Power,0.523354709
16079,ID,Shoshone,0.387266666
16081,ID,Teton,0.319974393
16083,ID,Twin Falls,0.848310709
16085,ID,Valley,1.356852055
16087,ID,Washington,0.772200763
17001,IL,Adams,0.52482903
17003,IL,Alexander,0.545752227
17005,IL,Bond,0.430451363
17007,IL,Boone,0.56842941
17009,IL,Brown,0.611060202
17011,IL,Bureau,0.309568763
17015,IL,Carroll,0.351098925
17017,IL,Cass,0.670859516
17019,IL,Champaign,0.874794424
17021,IL,Christian,0.46765393
17023,IL,Clark,1.047943354
17025,IL,Clay,0.841042876
17027,IL,Clinton,0.534787953
17029,IL,Coles,0.873310447
17031,IL,Cook,0.899715066
17033,IL,Crawford,0.756266177
17035,IL,Cumberland,0.375622123
17037,IL,DeKalb,0.880458593
17039,IL,De Witt,0.780843318
17041,IL,Douglas,0.871348023
17043,IL,DuPage,0.958058
17045,IL,Edgar,0.771147251
17047,IL,Edwards,0.471994966
17049,IL,Effingham,1.115514517
17051,IL,Fayette,0.564334095
17053,IL,Ford,0.617808342
17055,IL,Franklin,0.709406197
17057,IL,Fulton,0.474918365
17061,IL,Greene,0.708549857
17063,IL,Grundy,0.960916221
17065,IL,Hamilton,0.494804561
17067,IL,Hancock,0.459189534
17071,IL,Henderson,0.45906657
17073,IL,Henry,0.495755106
17075,IL,Iroquois,0.524128616
17077,IL,Jackson,0.670489609
17079,IL,Jasper,0.633914411
17081,IL,Jefferson,0.832550049
17083,IL,Jersey,0.647668421
17085,IL,Jo Daviess,0.47083196
17087,IL,Johnson,0.566434681
17089,IL,Kane,0.66665411
17091,IL,Kankakee,0.801149249
17093,IL,Kendall,0.635343492
17095,IL,Knox,0.835830629
17097,IL,Lake,0.831900001
17099,IL,LaSalle,0.650732994
17101,IL,Lawrence,0.452576458
17103,IL,Lee,0.624126971
17105,IL,Livingston,0.508273542
17107,IL,Logan,0.458020657
17109,IL,McDonough,0.853387952
17111,IL,McHenry,0.768255055
17113,IL,McLean,0.811650395
17115,IL,Macon,0.708634675
17117,IL,Macoupin,0.403886288
17119,IL,Madison,0.753898025
17121,IL,Marion,0.620866537
17123,IL,Marshall,0.618976057
17125,IL,Mason,0.607302845
17127,IL,Massac,0.80668819
17129,IL,Menard,0.41431886
17131,IL,Mercer,0.394088656
17133,IL,Monroe,0.5757218
17135,IL,Montgomery,0.641825616
17137,IL,Morgan,0.74850297
17139,IL,Moultrie,0.209102944
17141,IL,Ogle,0.715620399
17143,IL,Peoria,0.782428563
17145,IL,Perry,0.580720067
17147,IL,Piatt,0.550290406
17149,IL,Pike,0.393726617
17157,IL,Randolph,0.70173198
17159,IL,Richland,0.838331103
17161,IL,Rock Island,0.844528675
17163,IL,St. Clair,0.759554505
17165,IL,Saline,0.819601417
17167,IL,Sangamon,0.97481972
17169,IL,Schuyler,0.445235968
17173,IL,Shelby,0.469505608
17177,IL,Stephenson,0.501927853
17179,IL,Tazewell,0.80289346
17181,IL,Union,0.66674751
17183,IL,Vermilion,0.561084747
17185,IL,Wabash,0.714924037
17187,IL,Warren,0.419262111
17189,IL,Washington,0.508573115
17191,IL,Wayne,0.436653972
17193,IL,White,0.374139488
17195,IL,Whiteside,0.622072577
17197,IL,Will,0.746305525
17199,IL,Williamson,0.798012495
17201,IL,Winnebago,0.782097101
17203,IL,Woodford,0.525058389
18001,IN,Adams,0.502246141
18003,IN,Allen,0.748324752
18005,IN,Bartholomew,0.793397069
18007,IN,Benton,0.343210161
18009,IN,Blackford,0.594126642
18011,IN,Boone,0.6200701
18013,IN,Brown,0.33086288
18015,IN,Carroll,0.444927812
18017,IN,Cass,0.748903394
18019,IN,Clark,0.846846521
18021,IN,Clay,0.495313585
18023,IN,Clinton,0.683102548
18027,IN,Daviess,0.447694361
18029,IN,Dearborn,0.582048833
18031,IN,Decatur,0.752332211
18033,IN,DeKalb,0.641172409
18035,IN,Delaware,0.793273032
18037,IN,Dubois,0.822716355
18039,IN,Elkhart,0.727586687
18041,IN,Fayette,0.829984248
18043,IN,Floyd,0.861457407
18045,IN,Fountain,0.666222513
18047,IN,Franklin,0.702956796
18049,IN,Fulton,0.499550402
18051,IN,Gibson,0.620842576
18053,IN,Grant,0.766577244
18055,IN,Greene,0.403689086
18057,IN,Hamilton,0.795960963
18059,IN,Hancock,0.502809465
18061,IN,Harrison,0.442456126
18063,IN,Hendricks,0.77921629
18065,IN,Henry,0.6037516
18067,IN,Howard,0.979064941
18069,IN,Huntington,0.796812773
18071,IN,Jackson,0.88191396
18073,IN,Jasper,0.717703342
18075,IN,Jay,0.538793087
18077,IN,Jefferson,0.622858942
18079,IN,Jennings,0.436125755
18081,IN,Johnson,0.765844584
18083,IN,Knox,0.794041932
18085,IN,Kosciusko,0.670988023
18087,IN,LaGrange,0.224332616
18089,IN,Lake,0.93121326
18091,IN,LaPorte,0.647438049
18093,IN,Lawrence,0.439599097
18095,IN,Madison,0.562919796
18097,IN,Marion,0.847665489
18099,IN,Marshall,0.824151993
18101,IN,Martin,0.694513321
18103,IN,Miami,0.481204718
18105,IN,Monroe,0.742145061
18107,IN,Montgomery,0.808028162
18109,IN,Morgan,0.523286223
18111,IN,Newton,0.431437403
18113,IN,Noble,0.627195179
18117,IN,Orange,0.610655963
18119,IN,Owen,0.480007678
18121,IN,Parke,0.23709324
18123,IN,Perry,0.5742926
18125,IN,Pike,0.242365494
18127,IN,Porter,0.731079638
18129,IN,Posey,0.395647883
18131,IN,Pulaski,0.484339684
18133,IN,Putnam,0.50708586
18135,IN,Randolph,0.413376868
18137,IN,Ripley,0.527277827
18139,IN,Rush,0.600636661
18141,IN,St. Joseph,0.747742057
18143,IN,Scott,0.840760052
18145,IN,Shelby,0.579438865
18147,IN,Spencer,0.64276886
18149,IN,Starke,0.390472472
18151,IN,Steuben,0.602911174
18153,IN,Sullivan,0.437360287
18157,IN,Tippecanoe,0.724064946
18159,IN,Tipton,0.525382519
18161,IN,Union,0.561876655
18163,IN,Vanderburgh,0.942739546
18165,IN,Vermillion,0.456650794
18167,IN,Vigo,0.834834158
18169,IN,Wabash,0.779625773
18173,IN,Warrick,0.426749289
18175,IN,Washington,0.425335824
18177,IN,Wayne,0.668916643
18179,IN,Wells,0.568545222
18181,IN,White,0.66211462
18183,IN,Whitley,0.610855758
19001,IA,Adair,0.566652477
19003,IA,Adams,0.836120427
19005,IA,Allamakee,0.219909102
19007,IA,Appanoose,0.724054694
19011,IA,Benton,0.196741953
19013,IA,Black Hawk,0.764607847
19015,IA,Boone,0.266392648
19017,IA,Bremer,0.355576634
19019,IA,Buchanan,0.375816226
19021,IA,Buena Vista,0.455189168
19027,IA,Carroll,0.753238916
19029,IA,Cass,0.624171019
19031,IA,Cedar,0.378685415
19033,IA,Cerro Gordo,0.950051069
19035,IA,Cherokee,0.893655062
19037,IA,Chickasaw,0.338009119
19039,IA,Clarke,0.53458786
19041,IA,Clay,1.001502275
19043,IA,Clayton,0.635067284
19045,IA,Clinton,0.668218672
19047,IA,Crawford,0.534632266
19049,IA,Dallas,0.721924841
19053,IA,Decatur,0.386150092
19055,IA,Delaware,0.354254007
19057,IA,Des Moines,0.981709182
19059,IA,Dickinson,1.082682729
19061,IA,Dubuque,0.748027444
19063,IA,Emmet,0.549752593
19065,IA,Fayette,0.519264698
19067,IA,Floyd,0.322997421
19069,IA,Franklin,0.401163369
19071,IA,Fremont,0.891662955
19073,IA,Greene,0.454803854
19077,IA,Guthrie,0.372543544
19079,IA,Hamilton,0.203859746
19081,IA,Hancock,0.571047902
19083,IA,Hardin,0.42232278
19085,IA,Harrison,0.717978179
19087,IA,Henry,0.456922382
19089,IA,Howard,0.435919791
19091,IA,Humboldt,0.422252715
19093,IA,Ida,0.585394382
19095,IA,Iowa,0.309827745
19097,IA,Jackson,0.416558176
19099,IA,Jasper,0.484548301
19101,IA,Jefferson,0.545048237
19103,IA,Johnson,0.741511643
19105,IA,Jones,0.291021973
19107,IA,Keokuk,0.396628648
19109,IA,Kossuth,0.476839244
19111,IA,Lee,0.597371578
19113,IA,Linn,0.737314224
19117,IA,Lucas,0.469593793
19121,IA,Madison,0.242116094
19123,IA,Mahaska,0.536432743
19125,IA,Marion,0.633140385
19127,IA,Marshall,0.557032526
19129,IA,Mills,0.27089259
19131,IA,Mitchell,0.281769514
19133,IA,Monona,0.697836697
19135,IA,Monroe,0.386100382
19137,IA,Montgomery,0.603925526
19139,IA,Muscatine,0.896353245
19141,IA,O'Brien,0.584838092
19145,IA,Page,0.331718981
19147,IA,Palo Alto,0.678349376
19149,IA,Plymouth,0.753400207
19151,IA,Pocahontas,0.454063863
19153,IA,Polk,0.75665462
19155,IA,Pottawattamie,0.760757744
19157,IA,Poweshiek,0.544040024
19159,IA,Ringgold,1.041449666
19161,IA,Sac,0.41653651
19163,IA,Scott,0.860197663
19165,IA,Shelby,0.524934411
19167,IA,Sioux,0.599263787
19169,IA,Story,0.773639262
19171,IA,Tama,0.357121587
19175,IA,Union,0.575799942
19179,IA,Wapello,0.800342977
19181,IA,Warren,0.497464836
19183,IA,Washington,0.272826493
19187,IA,Webster,0.584404767
19189,IA,Winnebago,0.291913986
19191,IA,Winneshiek,0.45312658
19193,IA,Woodbury,0.862921536
19197,IA,Wright,0.644329906
20001,KS,Allen,0.403258324
20003,KS,Anderson,0.377405971
20005,KS,Atchison,0.37464878
20007,KS,Barber,0.688389182
20009,KS,Barton,0.662561357
20011,KS,Bourbon,0.90058887
20013,KS,Brown,0.421851933
20015,KS,Butler,0.73143059
20021,KS,Cherokee,0.558914661
20027,KS,Clay,0.747663558
20029,KS,Cloud,1.041425586
20031,KS,Coffey,0.367737204
20035,KS,Cowley,0.664202392
20037,KS,Crawford,0.645494461
20041,KS,Dickinson,0.547465265
20045,KS,Douglas,0.889578044
20051,KS,Ellis,1.220745683
20055,KS,Finney,0.751733184
20057,KS,Ford,0.604339182
20059,KS,Franklin,0.583589435
20061,KS,Geary,0.682848096
20063,KS,Gove,1.526135087
20067,KS,Grant,0.70651406
20077,KS,Harper,0.562218904
20079,KS,Harvey,0.699892104
20085,KS,Jackson,0.531470656
20091,KS,Johnson,0.726260662
20095,KS,Kingman,1.003728151
20099,KS,Labette,0.510568798
20103,KS,Leavenworth,0.413393974
20107,KS,Linn,0.310752034
20111,KS,Lyon,0.938114703
20113,KS,McPherson,0.808492661
20115,KS,Marion,0.429110885
20117,KS,Marshall,0.621632814
20121,KS,Miami,0.466010362
20123,KS,Mitchell,0.510290861
20125,KS,Montgomery,0.79360038
20127,KS,Morris,0.719553888
20133,KS,Neosho,0.439450055
20145,KS,Pawnee,0.628338039
20147,KS,Phillips,0.965064645
20149,KS,Pottawatomie,0.606747031
20151,KS,Pratt,1.095650315
20155,KS,Reno,0.776787043
20159,KS,Rice,0.747703493
20161,KS,Riley,0.683041453
20167,KS,Russell,0.734861851
20169,KS,Saline,1.001372218
20171,KS,Scott,1.043841362
20173,KS,Sedgwick,0.905931234
20175,KS,Seward,0.665462494
20177,KS,Shawnee,0.755686104
20181,KS,Sherman,1.384801745
20189,KS,Stevens,0.556792855
20191,KS,Sumner,0.354327232
20193,KS,Thomas,1.168527603
20195,KS,Trego,1.087744713
20205,KS,Wilson,0.358765841
20209,KS,Wyandotte,0.665597677
21001,KY,Adair,0.511378169
21003,KY,Allen,0.422475696
21005,KY,Anderson,0.700740159
21009,KY,Barren,0.744920969
21011,KY,Bath,0.640974283
21013,KY,Bell,1.177301645
21015,KY,Boone,0.967532277
21017,KY,Bourbon,0.703482211
21019,KY,Boyd,1.440364599
21021,KY,Boyle,0.922053516
21025,KY,Breathitt,0.557768941
21027,KY,Breckinridge,0.389540821
21029,KY,Bullitt,0.571901381
21031,KY,Butler,0.472329378
21033,KY,Caldwell,0.788208425
21035,KY,Calloway,0.6361323
21037,KY,Campbell,0.79770261
21041,KY,Carroll,1.118359685
21043,KY,Carter,0.79119885
21045,KY,Casey,0.248972982
21047,KY,Christian,0.685525596
21049,KY,Clark,0.767901719
21051,KY,Clay,0.560338259
21053,KY,Clinton,0.890207708
21055,KY,Crittenden,0.452130675
21057,KY,Cumberland,0.459911078
21059,KY,Daviess,0.725646734
21061,KY,Edmonson,0.245198205
21063,KY,Elliott,0.406945199
21065,KY,Estill,0.496137232
21067,KY,Fayette,0.926909626
21069,KY,Fleming,0.205437243
21071,KY,Floyd,0.857780039
21073,KY,Franklin,0.821628392
21075,KY,Fulton,0.672043025
21079,KY,Garrard,0.225746378
21081,KY,Grant,0.748414516
21083,KY,Graves,0.461730689
21085,KY,Grayson,0.717522681
21087,KY,Green,0.545702577
21089,KY,Greenup,0.516277075
21091,KY,Hancock,0.343170911
21093,KY,Hardin,0.70973599
21095,KY,Harlan,0.860517859
21097,KY,Harrison,0.68710357
21099,KY,Hart,0.315573543
21101,KY,Henderson,0.737595022
21103,KY,Henry,0.373436242
21107,KY,Hopkins,0.649321556
21109,KY,Jackson,0.374812603
21111,KY,Jefferson,0.896472991
21113,KY,Jessamine,0.702961683
21115,KY,Johnson,0.772657037
21117,KY,Kenton,0.607327223
21119,KY,Knott,0.344542444
21121,KY,Knox,0.805879712
21123,KY,Larue,0.623657405
21125,KY,Laurel,0.636859477
21127,KY,Lawrence,0.583052576
21129,KY,Lee,0.550357759
21131,KY,Leslie,0.311300188
21133,KY,Letcher,0.659972668
21135,KY,Lewis,0.301613629
21137,KY,Lincoln,0.367857426
21139,KY,Livingston,0.33182171
21141,KY,Logan,0.474175662
21143,KY,Lyon,0.491823435
21145,KY,McCracken,1.142526388
21147,KY,McCreary,0.292894393
21149,KY,McLean,0.661157012
21151,KY,Madison,0.710762203
21153,KY,Magoffin,0.499292672
21155,KY,Marion,0.673086882
21157,KY,Marshall,0.673876047
21159,KY,Martin,0.906536102
21161,KY,Mason,0.997945428
21163,KY,Meade,0.34945485
21167,KY,Mercer,0.411165416
21169,KY,Metcalfe,0.298270047
21171,KY,Monroe,0.568774283
21173,KY,Montgomery,0.674093544
21175,KY,Morgan,0.532643437
21177,KY,Muhlenberg,0.590997159
21179,KY,Nelson,0.581270158
21183,KY,Ohio,0.543955803
21185,KY,Oldham,0.402991086
21187,KY,Owen,0.544612885
21191,KY,Pendleton,0.274235576
21193,KY,Perry,0.864236355
21195,KY,Pike,1.034053683
21197,KY,Powell,0.654771626
21199,KY,Pulaski,0.656188011
21203,KY,Rockcastle,0.597014904
21205,KY,Rowan,0.891337812
21207,KY,Russell,0.500055552
21209,KY,Scott,0.667008698
21211,KY,Shelby,0.64501822
21213,KY,Simpson,1.073249221
21215,KY,Spencer,0.45953536
21217,KY,Taylor,0.894697964
21219,KY,Todd,0.401670963
21221,KY,Trigg,0.541418493
21225,KY,Union,0.623139262
21227,KY,Warren,0.825217485
21229,KY,Washington,0.576273978
21231,KY,Wayne,0.494829029
21233,KY,Webster,0.619051278
21235,KY,Whitley,0.823022664
21239,KY,Woodford,0.709882319
22001,LA,Acadia,0.549113333
22003,LA,Allen,0.471698105
22005,LA,Ascension,0.847161233
22007,LA,Assumption,0.323759317
22009,LA,Avoyelles,0.375319034
22011,LA,Beauregard,0.527969182
22013,LA,Bienville,0.462142795
22015,LA,Bossier,0.872127295
22017,LA,Caddo,0.922186792
22019,LA,Calcasieu,0.895184696
22021,LA,Caldwell,0.508181751
22027,LA,Claiborne,0.515862763
22029,LA,Concordia,0.581579804
22031,LA,De Soto,0.433996379
22033,LA,East Baton Rouge,1.032454133
22037,LA,East Feliciana,0.370723426
22039,LA,Evangeline,0.300516903
22041,LA,Franklin,0.709831178
22045,LA,Iberia,0.623269677
22047,LA,Iberville,0.561272204
22049,LA,Jackson,0.706305385
22051,LA,Jefferson,0.895116389
22053,LA,Jefferson Davis,0.640861332
22055,LA,Lafayette,1.030350685
22057,LA,Lafourche,0.614779294
22059,LA,LaSalle,0.79888159
22061,LA,Lincoln,0.859254181
22063,LA,Livingston,0.570486367
22065,LA,Madison,0.658204019
22067,LA,Morehouse,0.495315135
22069,LA,Natchitoches,0.610808671
22071,LA,Orleans,1.009048104
22073,LA,Ouachita,0.76752013
22075,LA,Plaquemines,0.605719745
22077,LA,Pointe Coupee,0.464489758
22079,LA,Rapides,0.785582602
22081,LA,Red River,0.482741982
22083,LA,Richland,0.399720192
22085,LA,Sabine,0.294080585
22087,LA,St. Bernard,0.713581145
22089,LA,St. Charles,0.547304034
22093,LA,St. James,0.578954995
22095,LA,St. John the Baptist,0.729137242
22097,LA,St. Landry,0.466601193
22099,LA,St. Martin,0.490992188
22101,LA,St. Mary,0.724187851
22103,LA,St. Tammany,0.732597947
22105,LA,Tangipahoa,0.716557622
22109,LA,Terrebonne,0.810129344
22111,LA,Union,0.315741986
22113,LA,Vermilion,0.387348861
22115,LA,Vernon,0.605503798
22117,LA,Washington,0.589867413
22119,LA,Webster,0.843370318
22121,LA,West Baton Rouge,0.895789802
22123,LA,West Carroll,0.845387936
22125,LA,West Feliciana,0.387972832
22127,LA,Winn,0.505816877
23001,ME,Androscoggin,0.819921315
23003,ME,Aroostook,0.583797395
23005,ME,Cumberland,0.875512838
23007,ME,Franklin,0.666977942
23009,ME,Hancock,0.889485896
23011,ME,Kennebec,0.707575917
23013,ME,Knox,0.826011837
23015,ME,Lincoln,0.718907237
23017,ME,Oxford,0.464460194
23019,ME,Penobscot,0.586858332
23021,ME,Piscataquis,0.29418686
23023,ME,Sagadahoc,0.665852845
23025,ME,Somerset,0.513478816
23027,ME,Waldo,0.551060796
23029,ME,Washington,0.413052469
23031,ME,York,0.827489913
24001,MD,Allegany,0.799349129
24003,MD,Anne Arundel,0.943757236
24005,MD,Baltimore,0.943079889
24009,MD,Calvert,0.719872773
24011,MD,Caroline,0.507583916
24013,MD,Carroll,0.739242554
24015,MD,Cecil,0.609172404
24017,MD,Charles,0.778418362
24019,MD,Dorchester,0.753461242
24021,MD,Frederick,0.773115218
24023,MD,Garrett,0.935810328
24025,MD,Harford,0.661980867
24027,MD,Howard,0.898842156
24029,MD,Kent,0.729470611
24031,MD,Montgomery,0.783406973
24033,MD,Prince George's,0.930066884
24035,MD,Queen Anne's,0.723122299
24037,MD,St. Mary's,0.758586407
24039,MD,Somerset,0.43216911
24041,MD,Talbot,0.946662366
24043,MD,Washington,0.813782692
24045,MD,Wicomico,0.894316733
24047,MD,Worcester,1.717458963
24510,MD,Baltimore,1.117497683
25001,MA,Barnstable,0.989848197
25003,MA,Berkshire,0.842892826
25005,MA,Bristol,0.686351478
25007,MA,Dukes,0.973598301
25009,MA,Essex,0.750698566
25011,MA,Franklin,0.455405802
25013,MA,Hampden,0.605621696
25015,MA,Hampshire,0.625770569
25017,MA,Middlesex,0.814599931
25019,MA,Nantucket,1.58227849
25021,MA,Norfolk,0.69917351
25023,MA,Plymouth,0.612901866
25025,MA,Suffolk,0.969333172
25027,MA,Worcester,0.691017509
26001,MI,Alcona,0.475963831
26003,MI,Alger,0.998336077
26005,MI,Allegan,0.554962277
26007,MI,Alpena,0.672852159
26009,MI,Antrim,0.639686108
26011,MI,Arenac,0.869390786
26013,MI,Baraga,0.857422829
26015,MI,Barry,0.354489923
26017,MI,Bay,0.712981164
26019,MI,Benzie,0.672193587
26021,MI,Berrien,0.738441408
26023,MI,Branch,0.529661
26025,MI,Calhoun,0.763587356
26027,MI,Cass,0.329559565
26029,MI,Charlevoix,0.881057262
26031,MI,Cheboygan,0.670214891
26033,MI,Chippewa,0.541154802
26035,MI,Clare,0.649962604
26037,MI,Clinton,0.589319527
26039,MI,Crawford,0.786782086
26041,MI,Delta,0.702010572
26043,MI,Dickinson,0.716788769
26045,MI,Eaton,0.808003783
26047,MI,Emmet,0.899766088
26049,MI,Genesee,0.684298694
26051,MI,Gladwin,0.511327863
26053,MI,Gogebic,0.577951193
26055,MI,Grand Traverse,1.047098041
26057,MI,Gratiot,0.595784843
26059,MI,Hillsdale,0.481843263
26061,MI,Houghton,0.59784776
26063,MI,Huron,0.717711151
26065,MI,Ingham,0.901555002
26067,MI,Ionia,0.43375212
26069,MI,Iosco,0.636435986
26071,MI,Iron,0.72293514
26073,MI,Isabella,0.633057117
26075,MI,Jackson,0.599031329
26077,MI,Kalamazoo,0.785749733
26079,MI,Kalkaska,0.499916673
26081,MI,Kent,0.768170416
26087,MI,Lapeer,0.570548296
26089,MI,Leelanau,0.689877212
26091,MI,Lenawee,0.623670876
26093,MI,Livingston,0.597915113
26095,MI,Luce,0.489715964
26097,MI,Mackinac,1.383891463
26099,MI,Macomb,0.798124909
26101,MI,Manistee,0.565930963
26103,MI,Marquette,0.729106545
26105,MI,Mason,0.651488125
26107,MI,Mecosta,0.501059055
26109,MI,Menominee,0.530785561
26111,MI,Midland,0.707086444
26113,MI,Missaukee,0.263991565
26115,MI,Monroe,0.670793235
26117,MI,Montcalm,0.378095657
26119,MI,Montmorency,0.321302354
26121,MI,Muskegon,0.695870221
26123,MI,Newaygo,0.52687037
26125,MI,Oakland,0.853637815
26127,MI,Oceana,0.335582972
26129,MI,Ogemaw,0.621325791
26133,MI,Osceola,0.383533627
26135,MI,Oscoda,0.717017233
26137,MI,Otsego,0.767211795
26139,MI,Ottawa,0.576985061
26141,MI,Presque Isle,0.315831035
26143,MI,Roscommon,0.667055786
26145,MI,Saginaw,0.790022552
26147,MI,St. Clair,0.54616338
26149,MI,St. Joseph,0.542334974
26151,MI,Sanilac,0.392666936
26153,MI,Schoolcraft,0.863770962
26155,MI,Shiawassee,0.664324284
26157,MI,Tuscola,0.4016141
26159,MI,Van Buren,0.62273103
26161,MI,Washtenaw,0.799513221
26163,MI,Wayne,0.785350978
26165,MI,Wexford,0.770530164
27001,MN,Aitkin,0.567894995
27003,MN,Anoka,0.59735328
27005,MN,Becker,0.522405386
27007,MN,Beltrami,0.590194345
27009,MN,Benton,0.561550856
27011,MN,Big Stone,0.812512696
27013,MN,Blue Earth,0.908544719
27015,MN,Brown,0.684214771
27017,MN,Carlton,0.251614541
27019,MN,Carver,0.553652704
27021,MN,Cass,0.334135264
27023,MN,Chippewa,0.595339358
27025,MN,Chisago,0.457794845
27027,MN,Clay,0.602875233
27031,MN,Cook,0.923020124
27033,MN,Cottonwood,0.266856432
27035,MN,Crow Wing,0.639814734
27037,MN,Dakota,0.660017073
27039,MN,Dodge,0.333539814
27041,MN,Douglas,0.626174092
27043,MN,Faribault,0.441144019
27045,MN,Fillmore,0.61509347
27047,MN,Freeborn,0.757475972
27049,MN,Goodhue,0.647696376
27053,MN,Hennepin,0.824655771
27055,MN,Houston,0.268355519
27057,MN,Hubbard,0.367258877
27059,MN,Isanti,0.362065226
27061,MN,Itasca,0.309269249
27065,MN,Kanabec,0.243664712
27067,MN,Kandiyohi,0.626014352
27071,MN,Koochiching,0.580479324
27073,MN,Lac qui Parle,0.459629238
27075,MN,Lake,0.751950383
27079,MN,Le Sueur,0.173967496
27083,MN,Lyon,0.910134137
27085,MN,McLeod,0.644077301
27087,MN,Mahnomen,0.548145413
27091,MN,Martin,0.718538284
27093,MN,Meeker,0.385587603
27095,MN,Mille Lacs,0.573701501
27097,MN,Morrison,0.662910163
27099,MN,Mower,0.49813199
27101,MN,Murray,0.367872477
27103,MN,Nicollet,0.754016578
27105,MN,Nobles,0.467289716
27109,MN,Olmsted,0.696807265
27111,MN,Otter Tail,0.612859845
27113,MN,Pennington,0.288309067
27115,MN,Pine,0.476855487
27117,MN,Pipestone,0.657822609
27119,MN,Polk,0.485436887
27121,MN,Pope,0.354704261
27123,MN,Ramsey,0.74100709
27125,MN,Red Lake,0.741473079
27127,MN,Redwood,0.397904366
27129,MN,Renville,0.347149909
27131,MN,Rice,0.536640644
27133,MN,Rock,0.645091951
27135,MN,Roseau,0.19845207
27137,MN,St. Louis,0.679970562
27139,MN,Scott,0.557439506
27141,MN,Sherburne,0.425053895
27143,MN,Sibley,0.203873605
27145,MN,Stearns,0.703538656
27147,MN,Steele,0.710460186
27149,MN,Stevens,0.614439309
27151,MN,Swift,0.653879702
27153,MN,Todd,0.283034116
27157,MN,Wabasha,0.41585806
27159,MN,Wadena,0.869124353
27161,MN,Waseca,0.646900296
27163,MN,Washington,0.59892422
27165,MN,Watonwan,0.463306159
27169,MN,Winona,0.732890964
27171,MN,Wright,0.527633011
27173,MN,Yellow Medicine,0.626304805
28001,MS,Adams,0.891824961
28003,MS,Alcorn,0.840358913
28005,MS,Amite,0.245800897
28007,MS,Attala,0.722061753
28011,MS,Bolivar,0.763054848
28013,MS,Calhoun,0.351098925
28017,MS,Chickasaw,0.471948564
28019,MS,Choctaw,0.496093273
28021,MS,Claiborne,0.336662561
28023,MS,Clarke,0.392182499
28025,MS,Clay,0.826787949
28027,MS,Coahoma,0.741977394
28029,MS,Copiah,0.572799206
28031,MS,Covington,0.756021142
28033,MS,DeSoto,0.833886623
28035,MS,Forrest,0.999880016
28039,MS,George,0.491299897
28041,MS,Greene,0.222601473
28043,MS,Grenada,1.115963101
28045,MS,Hancock,0.583333313
28047,MS,Harrison,0.790226102
28049,MS,Hinds,0.995762527
28051,MS,Holmes,0.298935801
28053,MS,Humphreys,0.383288622
28057,MS,Itawamba,0.515884936
28059,MS,Jackson,0.6397686
28061,MS,Jasper,0.244917959
28065,MS,Jefferson Davis,0.367309451
28067,MS,Jones,0.838321567
28071,MS,Lafayette,1.029260397
28073,MS,Lamar,1.013013363
28075,MS,Lauderdale,1.084731102
28077,MS,Lawrence,0.400641024
28079,MS,Leake,0.747548461
28081,MS,Lee,1.06475091
28083,MS,Leflore,0.718029737
28085,MS,Lincoln,0.854549766
28087,MS,Lowndes,0.840350568
28089,MS,Madison,1.094777822
28091,MS,Marion,0.818297148
28093,MS,Marshall,0.424917132
28095,MS,Monroe,0.626370192
28097,MS,Montgomery,0.931580603
28099,MS,Neshoba,0.655262768
28101,MS,Newton,0.575098217
28103,MS,Noxubee,0.488472074
28105,MS,Oktibbeha,0.803390324
28107,MS,Panola,0.561333001
28109,MS,Pearl River,0.590593457
28113,MS,Pike,1.051362872
28115,MS,Pontotoc,0.585317791
28117,MS,Prentiss,0.79958421
28119,MS,Quitman,0.591715991
28121,MS,Rankin,1.032216668
28123,MS,Scott,0.712732971
28127,MS,Simpson,0.788613915
28129,MS,Smith,0.253501475
28131,MS,Stone,0.816993475
28133,MS,Sunflower,0.606305599
28135,MS,Tallahatchie,0.364777118
28137,MS,Tate,0.700795412
28139,MS,Tippah,0.597756088
28141,MS,Tishomingo,0.778210104
28143,MS,Tunica,0.958262324
28145,MS,Union,0.658213794
28147,MS,Walthall,0.629634798
28149,MS,Warren,0.981244862
28151,MS,Washington,0.723673463
28153,MS,Wayne,0.738297999
28155,MS,Webster,0.413393974
28159,MS,Winston,0.896609724
28161,MS,Yalobusha,0.333834082
28163,MS,Yazoo,0.481802672
29001,MO,Adair,0.787432551
29003,MO,Andrew,0.227453649
29007,MO,Audrain,0.483189046
29009,MO,Barry,0.474621713
29011,MO,Barton,0.690131128
29013,MO,Bates,0.738825262
29015,MO,Benton,0.356651545
29019,MO,Boone,0.81971246
29021,MO,Buchanan,0.843638062
29023,MO,Butler,0.806107461
29025,MO,Caldwell,0.331455082
29027,MO,Callaway,0.490119636
29029,MO,Camden,0.581721008
29031,MO,Cape Girardeau,1.056444287
29033,MO,Carroll,0.818330586
29035,MO,Carter,0.667668164
29037,MO,Cass,0.543040633
29039,MO,Cedar,0.768049181
29043,MO,Christian,0.518449068
29045,MO,Clark,0.439238667
29047,MO,Clay,0.702272117
29049,MO,Clinton,0.145964086
29051,MO,Cole,0.866244018
29053,MO,Cooper,0.701672316
29055,MO,Crawford,0.631871581
29057,MO,Dade,0.528541207
29059,MO,Dallas,0.580753803
29061,MO,Daviess,0.362187624
29063,MO,DeKalb,0.548245609
29065,MO,Dent,0.581357777
29067,MO,Douglas,0.224820137
29069,MO,Dunklin,0.657940328
29071,MO,Franklin,0.689199686
29073,MO,Gasconade,0.617877245
29075,MO,Gentry,0.616903126
29077,MO,Greene,0.986450732
29079,MO,Grundy,0.729546666
29081,MO,Harrison,0.96142292
29083,MO,Henry,0.724768996
29091,MO,Howell,0.819631398
29095,MO,Jackson,0.719623208
29097,MO,Jasper,0.822043955
29099,MO,Jefferson,0.600327551
29101,MO,Johnson,0.608642697
29105,MO,Laclede,0.696475804
29107,MO,Lafayette,0.696842968
29109,MO,Lawrence,0.523903072
29111,MO,Lewis,0.305810392
29113,MO,Lincoln,0.349307209
29115,MO,Linn,0.422654271
29117,MO,Livingston,0.624436259
29119,MO,McDonald,0.436681211
29121,MO,Macon,0.529976785
29123,MO,Madison,0.660447478
29127,MO,Marion,0.879569352
29131,MO,Miller,0.465278596
29133,MO,Mississippi,0.630367994
29135,MO,Moniteau,0.449149817
29137,MO,Monroe,0.461254627
29139,MO,Montgomery,0.619798124
29141,MO,Morgan,0.434446812
29143,MO,New Madrid,0.838674903
29145,MO,Newton,0.530358791
29147,MO,Nodaway,0.597893596
29149,MO,Oregon,0.480261266
29151,MO,Osage,0.369412631
29155,MO,Pemiscot,0.512820542
29157,MO,Perry,0.520996153
29159,MO,Pettis,0.776653349
29161,MO,Phelps,0.788039804
29163,MO,Pike,0.683682799
29165,MO,Platte,0.563211083
29167,MO,Polk,0.492459208
29169,MO,Pulaski,0.474302292
29175,MO,Randolph,0.491621941
29177,MO,Ray,0.349116296
29181,MO,Ripley,0.60150373
29183,MO,St. Charles,0.748392463
29186,MO,Ste. Genevieve,0.446328938
29187,MO,St. Francois,0.812213302
29189,MO,St. Louis,0.860143661
29195,MO,Saline,0.656225383
29201,MO,Scott,0.600710392
29207,MO,Stoddard,0.517223537
29209,MO,Stone,0.431233644
29213,MO,Taney,1.069442511
29215,MO,Texas,0.398215979
29217,MO,Vernon,0.441436142
29219,MO,Warren,0.519210815
29221,MO,Washington,0.406437963
29223,MO,Wayne,0.39157334
29225,MO,Webster,0.602122486
29229,MO,Wright,0.436562061
29510,MO,St. Louis,1.038149476
30001,MT,Beaverhead,0.949066758
30009,MT,Carbon,0.54940021
30013,MT,Cascade,0.934280753
30017,MT,Custer,0.885582685
30021,MT,Dawson,0.584453523
30023,MT,Deer Lodge,0.543242097
30027,MT,Fergus,0.630403459
30029,MT,Flathead,0.614070714
30031,MT,Gallatin,0.924610019
30035,MT,Glacier,0.51493305
30041,MT,Hill,0.855850339
30043,MT,Jefferson,0.404530734
30047,MT,Lake,0.645452797
30049,MT,Lewis and Clark,0.697717488
30053,MT,Lincoln,0.491569579
30057,MT,Madison,0.446478397
30063,MT,Missoula,0.822165608
30067,MT,Park,1.133651495
30071,MT,Phillips,0.76550138
30081,MT,Ravalli,0.488867164
30083,MT,Richland,1.08666122
30085,MT,Roosevelt,0.638453126
30087,MT,Rosebud,0.679040313
30089,MT,Sanders,0.24677141
30093,MT,Silver Bow,0.966458201
30105,MT,Valley,0.815328181
30111,MT,Yellowstone,0.773053586
31001,NE,Adams,0.925896347
31003,NE,Antelope,0.638569593
31013,NE,Box Butte,0.560957372
31019,NE,Buffalo,0.937861681
31025,NE,Cass,0.419335157
31027,NE,Cedar,0.475398153
31029,NE,Chase,0.78125
31031,NE,Cherry,0.69192183
31033,NE,Cheyenne,0.548787177
31037,NE,Colfax,0.377821863
31039,NE,Cuming,0.568310976
31041,NE,Custer,0.470543951
31043,NE,Dakota,0.697558522
31045,NE,Dawes,0.478411674
31047,NE,Dawson,0.72309655
31053,NE,Dodge,0.690188289
31055,NE,Douglas,0.834012389
31065,NE,Furnas,0.64474535
31067,NE,Gage,0.559936523
31079,NE,Hall,0.802910149
31081,NE,Hamilton,0.54130131
31089,NE,Holt,0.602651656
31095,NE,Jefferson,0.563459635
31099,NE,Kearney,0.450992197
31101,NE,Keith,1.002129555
31109,NE,Lancaster,0.863870263
31111,NE,Lincoln,0.873438716
31119,NE,Madison,0.804297268
31121,NE,Merrick,0.640286863
31123,NE,Morrill,0.864864886
31127,NE,Nemaha,0.567859173
31131,NE,Otoe,0.751644194
31137,NE,Phelps,0.777259588
31139,NE,Pierce,0.556792855
31141,NE,Platte,0.839227915
31145,NE,Red Willow,0.564599633
31147,NE,Richardson,0.641766131
31151,NE,Saline,0.428969771
31153,NE,Sarpy,0.640699804
31155,NE,Saunders,0.273635238
31157,NE,Scotts Bluff,0.849882424
31159,NE,Seward,0.640055835
31161,NE,Sheridan,0.5825243
31175,NE,Valley,0.731172323
31177,NE,Washington,0.430601418
31179,NE,Wayne,1.053518772
31185,NE,York,0.740137637
32001,NV,Churchill,0.670267701
32003,NV,Clark,0.891637743
32005,NV,Douglas,0.774119973
32007,NV,Elko,0.773497343
32013,NV,Humboldt,0.707463741
32015,NV,Lander,0.906782746
32019,NV,Lyon,0.41152969
32021,NV,Mineral,0.664010644
32023,NV,Nye,0.665917516
32031,NV,Washoe,0.802797019
32033,NV,White Pine,0.633847475
32510,NV,Carson City,0.749544919
33001,NH,Belknap,0.89356792
33003,NH,Carroll,0.752537251
33005,NH,Cheshire,0.590334237
33007,NH,Coos,0.73779434
33009,NH,Grafton,0.849036813
33011,NH,Hillsborough,0.678233266
33013,NH,Merrimack,0.668317795
33015,NH,Rockingham,0.963678956
33017,NH,Strafford,0.669033647
33019,NH,Sullivan,0.46224606
34001,NJ,Atlantic,0.764418423
34003,NJ,Bergen,0.902843297
34005,NJ,Burlington,0.745640337
34007,NJ,Camden,0.785305679
34009,NJ,Cape May,1.92253077
34011,NJ,Cumberland,0.571397483
34013,NJ,Essex,0.727044702
34015,NJ,Gloucester,0.750225902
34017,NJ,Hudson,0.798015654
34019,NJ,Hunterdon,0.673093081
34021,NJ,Mercer,0.776061356
34023,NJ,Middlesex,0.80220145
34025,NJ,Monmouth,0.937933087
34027,NJ,Morris,0.832846344
34029,NJ,Ocean,0.722847998
34031,NJ,Passaic,0.7314412
34033,NJ,Salem,0.640502155
34035,NJ,Somerset,0.807698011
34037,NJ,Sussex,0.535706639
34039,NJ,Union,0.788629353
34041,NJ,Warren,0.738468528
35001,NM,Bernalillo,0.883130431
35005,NM,Chaves,0.664492905
35006,NM,Cibola,0.531228662
35007,NM,Colfax,0.586903691
35009,NM,Curry,0.573852777
35013,NM,DoÃ±a Ana,0.619175434
35015,NM,Eddy,0.667602479
35017,NM,Grant,0.592438996
35025,NM,Lea,0.779618561
35027,NM,Lincoln,0.852600455
35028,NM,Los Alamos,0.822114885
35029,NM,Luna,0.75298053
35031,NM,McKinley,0.762453377
35035,NM,Otero,0.456103683
35037,NM,Quay,0.853970945
35039,NM,Rio Arriba,0.623036802
35041,NM,Roosevelt,0.599455059
35043,NM,Sandoval,0.496964484
35045,NM,San Juan,0.875827193
35047,NM,San Miguel,0.699970543
35049,NM,Santa Fe,0.730522692
35051,NM,Sierra,0.644152045
35053,NM,Socorro,0.483646691
35055,NM,Taos,0.889761627
35057,NM,Torrance,0.387446731
35059,NM,Union,1.490312934
35061,NM,Valencia,0.567200363
36001,NY,Albany,1.10652256
36003,NY,Allegany,0.39484942
36005,NY,Bronx,0.675163567
36007,NY,Broome,0.791891038
36009,NY,Cattaraugus,0.645901144
36011,NY,Cayuga,0.618185163
36013,NY,Chautauqua,0.745842338
36015,NY,Chemung,0.593062401
36017,NY,Chenango,0.534988225
36019,NY,Clinton,0.68941313
36021,NY,Columbia,0.755870581
36023,NY,Cortland,0.805545568
36025,NY,Delaware,0.523464859
36027,NY,Dutchess,0.886485517
36029,NY,Erie,0.829662025
36031,NY,Essex,0.758992732
36033,NY,Franklin,0.640448332
36035,NY,Fulton,0.738468528
36037,NY,Genesee,0.614099741
36039,NY,Greene,0.657099843
36041,NY,Hamilton,1.150748014
36043,NY,Herkimer,0.623512983
36045,NY,Jefferson,0.730838597
36047,NY,Kings,0.849963009
36049,NY,Lewis,0.420055747
36051,NY,Livingston,0.737203121
36053,NY,Madison,0.624308288
36055,NY,Monroe,0.767984867
36057,NY,Montgomery,0.69147855
36059,NY,Nassau,1.024913192
36061,NY,New York,1.630284071
36063,NY,Niagara,0.748574853
36065,NY,Oneida,0.690577328
36067,NY,Onondaga,0.857987761
36069,NY,Ontario,0.753921747
36071,NY,Orange,0.789130747
36073,NY,Orleans,0.350192606
36075,NY,Oswego,0.653223991
36077,NY,Otsego,0.562170982
36079,NY,Putnam,0.751025021
36081,NY,Queens,0.927747548
36083,NY,Rensselaer,0.765299678
36085,NY,Richmond,0.698466539
36087,NY,Rockland,0.827649653
36089,NY,St. Lawrence,0.494472176
36091,NY,Saratoga,0.703436434
36093,NY,Schenectady,0.740225792
36095,NY,Schoharie,0.353334188
36097,NY,Schuyler,0.508905828
36099,NY,Seneca,0.706069231
36101,NY,Steuben,0.570480764
36103,NY,Suffolk,0.944194198
36105,NY,Sullivan,0.804728091
36107,NY,Tioga,0.459251851
36109,NY,Tompkins,0.692671537
36111,NY,Ulster,0.821535468
36113,NY,Warren,0.988142312
36115,NY,Washington,0.610500634
36117,NY,Wayne,0.749952435
36119,NY,Westchester,0.824185491
36121,NY,Wyoming,0.608133793
36123,NY,Yates,0.403551251
37001,NC,Alamance,0.747026503
37003,NC,Alexander,0.400630325
37005,NC,Alleghany,0.625334978
37007,NC,Anson,0.705482006
37009,NC,Ashe,0.625782251
37011,NC,Avery,0.682943463
37013,NC,Beaufort,0.807256818
37015,NC,Bertie,0.42753312
37017,NC,Bladen,0.729239464
37019,NC,Brunswick,0.751481175
37021,NC,Buncombe,1.001984954
37023,NC,Burke,0.696763933
37025,NC,Cabarrus,0.835293651
37027,NC,Caldwell,0.730816066
37029,NC,Camden,0.273124546
37031,NC,Carteret,0.948848426
37033,NC,Caswell,0.356458575
37035,NC,Catawba,0.854610205
37037,NC,Chatham,0.58087343
37039,NC,Cherokee,0.756715834
37041,NC,Chowan,0.796235979
37043,NC,Clay,0.260756195
37045,NC,Cleveland,0.76740545
37047,NC,Columbus,0.785330772
37049,NC,Craven,0.898916364
37051,NC,Cumberland,0.894863904
37053,NC,Currituck,0.860525966
37055,NC,Dare,1.811063409
37057,NC,Davidson,0.531808019
37059,NC,Davie,0.554451764
37061,NC,Duplin,0.629315913
37063,NC,Durham,0.922683954
37065,NC,Edgecombe,0.49184522
37067,NC,Forsyth,0.765938163
37069,NC,Franklin,0.500981092
37071,NC,Gaston,0.759153962
37075,NC,Graham,0.354024082
37077,NC,Granville,0.512515306
37079,NC,Greene,0.286697239
37081,NC,Guilford,0.830680013
37083,NC,Halifax,0.949897945
37085,NC,Harnett,0.612879217
37087,NC,Haywood,0.746363461
37089,NC,Henderson,0.565663397
37091,NC,Hertford,0.908776164
37093,NC,Hoke,0.286584288
37097,NC,Iredell,0.775152087
37099,NC,Jackson,0.658596933
37101,NC,Johnston,0.596542835
37105,NC,Lee,0.753772855
37107,NC,Lenoir,0.879396975
37109,NC,Lincoln,0.681067467
37111,NC,McDowell,0.698964655
37113,NC,Macon,0.69456023
37115,NC,Madison,0.643974245
37117,NC,Martin,0.946884274
37119,NC,Mecklenburg,0.828206837
37121,NC,Mitchell,0.671997845
37123,NC,Montgomery,0.770981729
37125,NC,Moore,0.715999663
37127,NC,Nash,0.737937331
37129,NC,New Hanover,0.94669354
37131,NC,Northampton,0.314333618
37133,NC,Onslow,0.794339597
37135,NC,Orange,0.650670469
37137,NC,Pamlico,0.707825422
37139,NC,Pasquotank,0.94124639
37141,NC,Pender,0.587589502
37143,NC,Perquimans,0.365844727
37145,NC,Person,0.651221037
37147,NC,Pitt,0.891080439
37149,NC,Polk,0.665715635
37151,NC,Randolph,0.629509449
37153,NC,Richmond,0.631597936
37155,NC,Robeson,0.58461988
37157,NC,Rockingham,0.701100945
37159,NC,Rowan,0.60352993
37161,NC,Rutherford,0.506887734
37163,NC,Sampson,0.552207232
37165,NC,Scotland,0.692900658
37167,NC,Stanly,0.72739923
37169,NC,Stokes,0.480947912
37171,NC,Surry,0.68356514
37173,NC,Swain,1.198956251
37175,NC,Transylvania,0.550756574
37179,NC,Union,0.54791832
37181,NC,Vance,0.64850843
37183,NC,Wake,0.846970379
37185,NC,Warren,0.409794092
37187,NC,Washington,0.783630848
37189,NC,Watauga,0.584681332
37191,NC,Wayne,0.75826633
37193,NC,Wilkes,0.617256761
37195,NC,Wilson,0.792885959
37197,NC,Yadkin,0.372093022
37199,NC,Yancey,0.442013383
38003,ND,Barnes,0.769082844
38009,ND,Bottineau,0.636233509
38011,ND,Bowman,1.339584708
38015,ND,Burleigh,0.706772566
38017,ND,Cass,0.793892443
38031,ND,Foster,1.263823032
38035,ND,Grand Forks,0.69083637
38039,ND,Griggs,1.359311223
38053,ND,McKenzie,0.590473711
38055,ND,McLean,0.42480883
38057,ND,Mercer,0.734034717
38059,ND,Morton,0.571374178
38061,ND,Mountrail,0.666539729
38071,ND,Ramsey,0.790305614
38077,ND,Richland,0.557068586
38079,ND,Rolette,0.3529827
38089,ND,Stark,0.654062986
38093,ND,Stutsman,0.439067215
38097,ND,Traill,0.502575696
38099,ND,Walsh,0.383251905
38101,ND,Ward,0.77410686
38103,ND,Wells,0.808843374
38105,ND,Williams,0.671834648
39001,OH,Adams,0.762776494
39003,OH,Allen,0.921749353
39005,OH,Ashland,0.618417621
39007,OH,Ashtabula,0.828903854
39009,OH,Athens,1.05374074
39011,OH,Auglaize,0.744308233
39013,OH,Belmont,0.834192812
39015,OH,Brown,0.506748974
39017,OH,Butler,0.816807032
39019,OH,Carroll,0.557682991
39021,OH,Champaign,0.48767966
39023,OH,Clark,0.793454766
39025,OH,Clermont,0.69896698
39027,OH,Clinton,0.572505414
39029,OH,Columbiana,0.801044345
39031,OH,Coshocton,0.658454299
39033,OH,Crawford,0.749915361
39035,OH,Cuyahoga,0.955302715
39037,OH,Darke,0.527292252
39039,OH,Defiance,0.847053826
39041,OH,Delaware,0.941213906
39043,OH,Erie,1.030941844
39045,OH,Fairfield,0.669968486
39047,OH,Fayette,1.154693961
39049,OH,Franklin,0.916486502
39051,OH,Fulton,0.740051091
39053,OH,Gallia,0.973089039
39055,OH,Geauga,0.611122429
39057,OH,Greene,0.864085793
39059,OH,Guernsey,0.928337514
39061,OH,Hamilton,0.858206451
39063,OH,Hancock,0.87525028
39065,OH,Hardin,0.667323411
39067,OH,Harrison,0.66604501
39069,OH,Henry,0.817722261
39071,OH,Highland,0.623498976
39073,OH,Hocking,0.569496334
39075,OH,Holmes,0.29542768
39077,OH,Huron,0.724400222
39079,OH,Jackson,0.861724079
39081,OH,Jefferson,0.66215986
39083,OH,Knox,0.865065753
39085,OH,Lake,0.836349845
39087,OH,Lawrence,0.710768163
39089,OH,Licking,0.696238041
39091,OH,Logan,0.728058934
39093,OH,Lorain,0.679112792
39095,OH,Lucas,0.919928849
39097,OH,Madison,0.516169548
39099,OH,Mahoning,0.911202013
39101,OH,Marion,0.725084841
39103,OH,Medina,0.690943658
39105,OH,Meigs,0.749625206
39107,OH,Mercer,0.775306463
39109,OH,Miami,0.799880922
39111,OH,Monroe,0.662446618
39113,OH,Montgomery,0.944301248
39115,OH,Morgan,0.349528134
39117,OH,Morrow,0.423597187
39119,OH,Muskingum,0.918391049
39121,OH,Noble,0.696184933
39123,OH,Ottawa,0.919186175
39125,OH,Paulding,0.536250532
39127,OH,Perry,0.414193004
39129,OH,Pickaway,0.681918919
39131,OH,Pike,0.577721596
39133,OH,Portage,0.781139493
39135,OH,Preble,0.563228548
39137,OH,Putnam,0.772567868
39139,OH,Richland,0.744472265
39141,OH,Ross,0.706621289
39143,OH,Sandusky,0.754057348
39145,OH,Scioto,0.780125618
39147,OH,Seneca,0.47326076
39149,OH,Shelby,0.641330659
39151,OH,Stark,0.916781127
39153,OH,Summit,0.909316957
39155,OH,Trumbull,0.772357702
39157,OH,Tuscarawas,0.806311011
39159,OH,Union,0.483164221
39161,OH,Van Wert,0.781277716
39163,OH,Vinton,0.462534696
39165,OH,Warren,0.629162967
39167,OH,Washington,0.871722639
39169,OH,Wayne,0.648261786
39171,OH,Williams,0.793108165
39173,OH,Wood,0.84659797
39175,OH,Wyandot,0.783013225
40001,OK,Adair,0.546572506
40005,OK,Atoka,0.503162742
40009,OK,Beckham,1.071362019
40011,OK,Blaine,0.63512224
40013,OK,Bryan,0.59186089
40015,OK,Caddo,0.522939622
40017,OK,Canadian,0.613609076
40019,OK,Carter,0.744524658
40021,OK,Cherokee,0.489606082
40023,OK,Choctaw,0.614502251
40027,OK,Cleveland,0.794242442
40029,OK,Coal,0.536960781
40031,OK,Comanche,0.73493588
40035,OK,Craig,0.563618422
40037,OK,Creek,0.489613205
40039,OK,Custer,0.767941892
40041,OK,Delaware,0.301372409
40047,OK,Garfield,0.788578749
40049,OK,Garvin,0.866707623
40051,OK,Grady,0.482953519
40061,OK,Haskell,0.316155553
40063,OK,Hughes,0.457108021
40065,OK,Jackson,0.617156982
40069,OK,Johnston,0.277161866
40071,OK,Kay,0.808799744
40073,OK,Kingfisher,0.506136894
40079,OK,Le Flore,0.42054671
40081,OK,Lincoln,0.570694804
40083,OK,Logan,0.26651907
40085,OK,Love,0.488758564
40087,OK,McClain,0.749733984
40089,OK,McCurtain,0.457707793
40091,OK,McIntosh,0.560224116
40093,OK,Major,0.395830572
40095,OK,Marshall,0.525885224
40097,OK,Mayes,0.704704523
40099,OK,Murray,0.788247943
40101,OK,Muskogee,0.85786128
40103,OK,Noble,0.629892945
40107,OK,Okfuskee,0.254993618
40109,OK,Oklahoma,0.970099807
40111,OK,Okmulgee,0.549249351
40113,OK,Osage,0.40735817
40115,OK,Ottawa,0.453382552
40117,OK,Pawnee,0.610463321
40119,OK,Payne,0.795058429
40121,OK,Pittsburg,0.663934588
40123,OK,Pontotoc,0.703179955
40125,OK,Pottawatomie,0.849338353
40127,OK,Pushmataha,0.364630818
40131,OK,Rogers,0.504535437
40133,OK,Seminole,0.6186077
40135,OK,Sequoyah,0.625932872
40137,OK,Stephens,0.556844532
40139,OK,Texas,0.550082505
40141,OK,Tillman,0.553326905
40143,OK,Tulsa,0.913944721
40145,OK,Wagoner,0.349713594
40147,OK,Washington,0.61276859
40151,OK,Woods,0.57557267
40153,OK,Woodward,0.858065844
41001,OR,Baker,0.491279781
41003,OR,Benton,0.740033686
41005,OR,Clackamas,0.578753114
41007,OR,Clatsop,0.915320516
41009,OR,Columbia,0.453892112
41011,OR,Coos,0.587226272
41013,OR,Crook,0.358494312
41015,OR,Curry,0.600729465
41017,OR,Deschutes,0.783073723
41019,OR,Douglas,0.610610247
41021,OR,Gilliam,1.518987298
41023,OR,Grant,0.417827308
41025,OR,Harney,0.949410021
41027,OR,Hood River,1.116838455
41029,OR,Jackson,0.712212205
41031,OR,Jefferson,0.482780814
41033,OR,Josephine,0.635980606
41035,OR,Klamath,0.741936862
41037,OR,Lake,0.629009962
41039,OR,Lane,0.778096318
41041,OR,Lincoln,0.553545654
41043,OR,Linn,0.595174491
41045,OR,Malheur,0.548687994
41047,OR,Marion,0.727368534
41049,OR,Morrow,0.256410271
41051,OR,Multnomah,0.877841473
41053,OR,Polk,0.547045946
41057,OR,Tillamook,0.4372859
41059,OR,Umatilla,0.553040445
41061,OR,Union,0.677940547
41063,OR,Wallowa,0.835538208
41065,OR,Wasco,0.719615221
41067,OR,Washington,0.685982406
41071,OR,Yamhill,0.464407802
42001,PA,Adams,0.603453338
42003,PA,Allegheny,0.880829632
42005,PA,Armstrong,0.405224264
42007,PA,Beaver,0.738120854
42009,PA,Bedford,0.522826612
42011,PA,Berks,0.638929069
42013,PA,Blair,0.859454393
42015,PA,Bradford,0.54798162
42017,PA,Bucks,0.759569883
42019,PA,Butler,0.713775873
42021,PA,Cambria,0.73053968
42025,PA,Carbon,0.530578494
42027,PA,Centre,0.681131423
42029,PA,Chester,0.645456433
42031,PA,Clarion,0.678762555
42033,PA,Clearfield,0.585152388
42035,PA,Clinton,0.579603255
42037,PA,Columbia,0.77110517
42039,PA,Crawford,0.573497236
42041,PA,Cumberland,0.777778208
42043,PA,Dauphin,0.836090505
42045,PA,Delaware,0.758707941
42047,PA,Elk,0.472861141
42049,PA,Erie,0.700379252
42051,PA,Fayette,0.757067263
42053,PA,Forest,0.430725068
42055,PA,Franklin,0.648945928
42057,PA,Fulton,0.275843054
42059,PA,Greene,0.982566476
42061,PA,Huntingdon,0.470957607
42063,PA,Indiana,0.549818337
42065,PA,Jefferson,0.649531424
42067,PA,Juniata,0.284333229
42069,PA,Lackawanna,0.794300199
42071,PA,Lancaster,0.646292865
42073,PA,Lawrence,0.63467437
42075,PA,Lebanon,0.57177949
42077,PA,Lehigh,0.717364013
42079,PA,Luzerne,0.646724403
42081,PA,Lycoming,0.706657588
42083,PA,McKean,0.669427037
42085,PA,Mercer,0.718595982
42087,PA,Mifflin,0.521014214
42089,PA,Monroe,0.652350247
42091,PA,Montgomery,0.775901258
42093,PA,Montour,0.60968852
42095,PA,Northampton,0.725746334
42097,PA,Northumberland,0.587205589
42099,PA,Perry,0.389509231
42101,PA,Philadelphia,0.898328602
42103,PA,Pike,0.428021103
42105,PA,Potter,0.486233503
42107,PA,Schuylkill,0.469053149
42109,PA,Snyder,0.719299555
42111,PA,Somerset,0.466289967
42113,PA,Sullivan,1.014713287
42115,PA,Susquehanna,0.474928766
42117,PA,Tioga,0.470518321
42119,PA,Union,0.609563351
42121,PA,Venango,0.496741384
42123,PA,Warren,0.513993502
42125,PA,Washington,0.77368319
42127,PA,Wayne,0.37136212
42129,PA,Westmoreland,0.723161638
42131,PA,Wyoming,0.564822853
42133,PA,York,0.71040386
44001,RI,Bristol,0.744570851
44003,RI,Kent,0.801720083
44005,RI,Newport,1.014223576
44007,RI,Providence,0.818478465
44009,RI,Washington,0.763443768
45001,SC,Abbeville,0.573676467
45003,SC,Aiken,0.717198312
45005,SC,Allendale,0.480134428
45007,SC,Anderson,0.748704433
45009,SC,Bamberg,0.79102546
45011,SC,Barnwell,0.865176618
45013,SC,Beaufort,0.725763559
45015,SC,Berkeley,0.546640277
45017,SC,Calhoun,0.343548179
45019,SC,Charleston,0.909132242
45021,SC,Cherokee,0.645543993
45023,SC,Chester,0.527426183
45025,SC,Chesterfield,0.526246548
45027,SC,Clarendon,0.508753538
45029,SC,Colleton,0.773725331
45031,SC,Darlington,0.57135123
45033,SC,Dillon,0.724470615
45035,SC,Dorchester,0.555096328
45037,SC,Edgefield,0.258112103
45039,SC,Fairfield,0.407996744
45041,SC,Florence,0.806756377
45043,SC,Georgetown,0.599813759
45045,SC,Greenville,0.860116482
45047,SC,Greenwood,0.816050887
45049,SC,Hampton,0.997064173
45051,SC,Horry,0.911207855
45053,SC,Jasper,0.601494253
45055,SC,Kershaw,0.563196599
45057,SC,Lancaster,0.594494998
45059,SC,Laurens,0.530324221
45061,SC,Lee,0.419136584
45063,SC,Lexington,0.796194077
45065,SC,McCormick,0.530222714
45067,SC,Marion,0.828967452
45069,SC,Marlboro,0.469098151
45071,SC,Newberry,0.598257244
45073,SC,Oconee,0.562394559
45075,SC,Orangeburg,0.87880671
45077,SC,Pickens,0.828234971
45079,SC,Richland,0.787493646
45081,SC,Saluda,0.295348257
45083,SC,Spartanburg,0.714274764
45085,SC,Sumter,0.705152333
45087,SC,Union,0.518691421
45089,SC,Williamsburg,0.33528918
45091,SC,York,0.563808978
46005,SD,Beadle,0.594177067
46011,SD,Brookings,0.730275512
46013,SD,Brown,0.851876736
46015,SD,Brule,0.951655865
46019,SD,Butte,0.569368005
46023,SD,Charles Mix,0.647808254
46027,SD,Clay,0.772146583
46029,SD,Codington,0.709572136
46033,SD,Custer,0.665409803
46035,SD,Davison,0.908540249
46037,SD,Day,0.748362958
46047,SD,Fall River,0.44722718
46051,SD,Grant,0.857142866
46059,SD,Hand,1.279181361
46065,SD,Hughes,0.634517789
46067,SD,Hutchinson,0.411974728
46079,SD,Lake,0.560538113
46081,SD,Lawrence,0.800884783
46083,SD,Lincoln,0.412573993
46093,SD,Meade,0.34979713
46099,SD,Minnehaha,0.849185646
46102,SD,Oglala Lakota,0.213219613
46103,SD,Pennington,0.698721588
46123,SD,Tripp,0.74390924
46127,SD,Union,0.308794469
46129,SD,Walworth,1.499250412
46135,SD,Yankton,0.70354408
47001,TN,Anderson,0.928337514
47003,TN,Bedford,0.498216391
47005,TN,Benton,0.619924366
47009,TN,Blount,0.615950882
47011,TN,Bradley,0.779308915
47013,TN,Campbell,0.727966487
47015,TN,Cannon,0.404122055
47017,TN,Carroll,0.467979401
47019,TN,Carter,0.655819058
47021,TN,Cheatham,0.583927393
47023,TN,Chester,0.573657632
47025,TN,Claiborne,0.468413323
47027,TN,Clay,0.524315119
47029,TN,Cocke,0.55210489
47031,TN,Coffee,0.694058836
47033,TN,Crockett,0.493653029
47035,TN,Cumberland,0.535688221
47037,TN,Davidson,1.089061022
47039,TN,Decatur,0.430997342
47041,TN,DeKalb,0.335940868
47043,TN,Dickson,0.809180498
47045,TN,Dyer,0.654075682
47047,TN,Fayette,0.336376756
47049,TN,Fentress,0.372598082
47051,TN,Franklin,0.423678935
47053,TN,Gibson,0.508553863
47055,TN,Giles,0.745005071
47057,TN,Grainger,0.339486539
47059,TN,Greene,0.718690276
47061,TN,Grundy,0.222469404
47063,TN,Hamblen,0.936876059
47065,TN,Hamilton,0.941715837
47069,TN,Hardeman,0.523433745
47071,TN,Hardin,0.508149922
47073,TN,Hawkins,0.493174821
47075,TN,Haywood,0.941065729
47077,TN,Henderson,0.641116977
47079,TN,Henry,0.873471439
47081,TN,Hickman,0.236341432
47083,TN,Houston,0.482392669
47085,TN,Humphreys,0.753093064
47087,TN,Jackson,0.337154418
47089,TN,Jefferson,0.632831275
47091,TN,Johnson,0.784357667
47093,TN,Knox,0.975591302
47097,TN,Lauderdale,0.275038302
47099,TN,Lawrence,0.675189078
47101,TN,Lewis,0.647092104
47103,TN,Lincoln,0.521134913
47105,TN,Loudon,0.728464782
47107,TN,McMinn,0.664108634
47109,TN,McNairy,0.544831872
47111,TN,Macon,0.443066031
47113,TN,Madison,0.925172806
47115,TN,Marion,0.760614038
47117,TN,Marshall,0.599725842
47119,TN,Maury,0.86354053
47121,TN,Meigs,0.319182903
47123,TN,Monroe,0.699493408
47125,TN,Montgomery,0.695446014
47127,TN,Moore,0.621310949
47129,TN,Morgan,0.233306885
47131,TN,Obion,0.597391367
47133,TN,Overton,0.620402396
47135,TN,Perry,0.49388814
47139,TN,Polk,0.534600556
47141,TN,Putnam,0.753747106
47143,TN,Rhea,0.657835722
47145,TN,Roane,0.705781817
47147,TN,Robertson,0.747146308
47149,TN,Rutherford,0.787004709
47151,TN,Scott,0.679040313
47153,TN,Sequatchie,0.593041658
47155,TN,Sevier,1.2192173
47157,TN,Shelby,0.834386528
47159,TN,Smith,0.394380093
47161,TN,Stewart,0.288621098
47163,TN,Sullivan,0.988945246
47165,TN,Sumner,0.588051796
47167,TN,Tipton,0.387609422
47169,TN,Trousdale,0.3491925
47171,TN,Unicoi,0.732188106
47173,TN,Union,0.495368302
47177,TN,Warren,0.552818179
47179,TN,Washington,0.905137062
47181,TN,Wayne,0.181554109
47183,TN,Weakley,0.629987419
47185,TN,White,0.577471375
47187,TN,Williamson,0.83962369
47189,TN,Wilson,0.708836854
48001,TX,Anderson,0.501686692
48003,TX,Andrews,0.582657993
48005,TX,Angelina,0.783446252
48007,TX,Aransas,0.629881561
48009,TX,Archer,0.343642622
48011,TX,Armstrong,1.605136395
48013,TX,Atascosa,0.522001386
48015,TX,Austin,0.567196071
48017,TX,Bailey,0.59728235
48019,TX,Bandera,0.419093907
48021,TX,Bastrop,0.513094842
48023,TX,Baylor,0.852757275
48025,TX,Bee,0.461353928
48027,TX,Bell,0.729873717
48029,TX,Bexar,0.733167112
48031,TX,Blanco,0.978074849
48035,TX,Bosque,0.645057261
48037,TX,Bowie,1.048341393
48039,TX,Brazoria,0.662255108
48041,TX,Brazos,0.8944121
48043,TX,Brewster,1.190862775
48047,TX,Brooks,1.005169392
48049,TX,Brown,0.90346241
48051,TX,Burleson,0.378092259
48053,TX,Burnet,0.684752166
48055,TX,Caldwell,0.522976875
48057,TX,Calhoun,0.571401358
48059,TX,Callahan,0.779588938
48061,TX,Cameron,0.683672011
48063,TX,Camp,0.612557411
48065,TX,Carson,0.512470126
48067,TX,Cass,0.702834785
48069,TX,Castro,0.540832877
48071,TX,Chambers,0.723842919
48073,TX,Cherokee,0.52955085
48075,TX,Childress,1.259974837
48077,TX,Clay,0.379146934
48083,TX,Coleman,0.61728394
48085,TX,Collin,0.920649707
48087,TX,Collingsworth,1.39033711
48089,TX,Colorado,0.786672831
48091,TX,Comal,0.752372384
48093,TX,Comanche,0.654545426
48097,TX,Cooke,0.82139492
48099,TX,Coryell,0.469134837
48103,TX,Crane,0.62959075
48105,TX,Crockett,1.992598891
48111,TX,Dallam,0.962463915
48113,TX,Dallas,0.918096662
48115,TX,Dawson,0.770772338
48117,TX,Deaf Smith,0.492422163
48121,TX,Denton,0.797325015
48123,TX,DeWitt,0.793100059
48127,TX,Dimmit,0.906800985
48129,TX,Donley,1.209189892
48131,TX,Duval,0.361729056
48133,TX,Eastland,0.9788993
48135,TX,Ector,0.822893143
48139,TX,Ellis,0.698790133
48141,TX,El Paso,0.763117433
48143,TX,Erath,0.97168237
48145,TX,Falls,0.289435595
48147,TX,Fannin,0.334140837
48149,TX,Fayette,0.861157894
48153,TX,Floyd,0.881523252
48157,TX,Fort Bend,0.628791511
48159,TX,Franklin,0.646890283
48161,TX,Freestone,0.603803992
48163,TX,Frio,0.785121918
48165,TX,Gaines,0.681942165
48167,TX,Galveston,0.762122214
48169,TX,Garza,0.803600132
48171,TX,Gillespie,0.816023767
48175,TX,Goliad,0.524521351
48177,TX,Gonzales,0.66832155
48179,TX,Gray,0.738757014
48181,TX,Grayson,0.665133953
48183,TX,Gregg,1.255745411
48185,TX,Grimes,0.438981563
48187,TX,Guadalupe,0.480633974
48189,TX,Hale,0.671673715
48193,TX,Hamilton,1.285497308
48199,TX,Hardin,0.703198671
48201,TX,Harris,0.785099506
48203,TX,Harrison,0.662790358
48207,TX,Haskell,1.216544986
48209,TX,Hays,0.770617127
48213,TX,Henderson,0.799598992
48215,TX,Hidalgo,0.545018256
48217,TX,Hill,0.756634057
48219,TX,Hockley,0.610793591
48221,TX,Hood,0.787066936
48223,TX,Hopkins,0.726392269
48225,TX,Houston,0.525509059
48227,TX,Howard,0.766283512
48231,TX,Hunt,0.641237617
48233,TX,Hutchinson,0.725443721
48237,TX,Jack,0.772968173
48239,TX,Jackson,0.807863176
48241,TX,Jasper,0.593639553
48245,TX,Jefferson,0.743622243
48247,TX,Jim Hogg,1.157407403
48249,TX,Jim Wells,0.692178369
48251,TX,Johnson,0.762912452
48253,TX,Jones,0.402515709
48255,TX,Karnes,0.899627268
48257,TX,Kaufman,0.726267099
48259,TX,Kendall,0.721307397
48265,TX,Kerr,0.813331068
48267,TX,Kimble,1.137397647
48273,TX,Kleberg,0.85701102
48277,TX,Lamar,0.781484842
48279,TX,Lamb,0.393391043
48281,TX,Lampasas,0.413052469
48283,TX,La Salle,1.066666722
48285,TX,Lavaca,0.395726144
48287,TX,Lee,0.919698775
48289,TX,Leon,0.57165724
48291,TX,Liberty,0.480627447
48293,TX,Limestone,0.599828601
48297,TX,Live Oak,0.892567337
48299,TX,Llano,0.683122337
48303,TX,Lubbock,0.89588654
48307,TX,McCulloch,1.150453806
48309,TX,McLennan,0.870134354
48313,TX,Madison,1.594233036
48315,TX,Marion,0.702811241
48319,TX,Mason,0.690607727
48321,TX,Matagorda,0.544588149
48323,TX,Maverick,0.599540949
48325,TX,Medina,0.592077613
48329,TX,Midland,0.888324142
48331,TX,Milam,0.728509009
48333,TX,Mills,0.619834721
48335,TX,Mitchell,0.731528878
48337,TX,Montague,0.601142168
48339,TX,Montgomery,0.656181574
48341,TX,Moore,0.726251602
48343,TX,Morris,0.645525694
48347,TX,Nacogdoches,0.694948494
48349,TX,Navarro,0.670690835
48353,TX,Nolan,0.943714201
48355,TX,Nueces,0.842631638
48357,TX,Ochiltree,0.416753501
48361,TX,Orange,0.651560128
48363,TX,Palo Pinto,1.023192406
48365,TX,Panola,0.560658991
48367,TX,Parker,0.60054791
48369,TX,Parmer,0.420079827
48371,TX,Pecos,0.508970618
48373,TX,Polk,0.415133506
48375,TX,Potter,1.034447074
48377,TX,Presidio,0.614628136
48379,TX,Rains,0.637348652
48381,TX,Randall,0.686209321
48383,TX,Reagan,0.782676756
48387,TX,Red River,0.333472282
48389,TX,Reeves,0.752398252
48391,TX,Refugio,1.163297892
48395,TX,Robertson,0.46633634
48397,TX,Rockwall,0.882716954
48399,TX,Runnels,0.480722994
48401,TX,Rusk,0.57065016
48407,TX,San Jacinto,0.238899693
48409,TX,San Patricio,0.775320947
48411,TX,San Saba,0.993541956
48415,TX,Scurry,1.020285726
48419,TX,Shelby,0.481637567
48423,TX,Smith,0.886321783
48425,TX,Somervell,0.87536931
48427,TX,Starr,0.575732112
48429,TX,Stephens,0.642811239
48435,TX,Sutton,1.070091009
48439,TX,Tarrant,0.849131107
48441,TX,Taylor,1.027298808
48445,TX,Terry,0.984979093
48449,TX,Titus,0.789649546
48451,TX,Tom Green,0.833263874
48453,TX,Travis,0.788925529
48455,TX,Trinity,0.335953772
48457,TX,Tyler,0.370524764
48459,TX,Upshur,0.40316844
48463,TX,Uvalde,0.822675943
48465,TX,Val Verde,0.734274268
48467,TX,Van Zandt,0.590965211
48469,TX,Victoria,0.870170534
48471,TX,Walker,0.485006362
48473,TX,Waller,0.435145855
48475,TX,Ward,0.578655839
48477,TX,Washington,0.810712576
48479,TX,Webb,0.731054723
48481,TX,Wharton,0.839630544
48483,TX,Wheeler,1.010917902
48485,TX,Wichita,0.803273141
48487,TX,Wilbarger,0.876354337
48489,TX,Willacy,0.472567469
48491,TX,Williamson,0.66358614
48493,TX,Wilson,0.480556667
48495,TX,Winkler,0.507163703
48497,TX,Wise,0.604918122
48499,TX,Wood,0.496856838
48501,TX,Yoakum,1.034245014
48503,TX,Young,1.172922254
48505,TX,Zapata,0.423370034
48507,TX,Zavala,0.337837845
49001,UT,Beaver,1.47907114
49003,UT,Box Elder,0.66658479
49005,UT,Cache,0.676902235
49007,UT,Carbon,0.818882465
49011,UT,Davis,0.6764431
49013,UT,Duchesne,0.854529023
49015,UT,Emery,0.788410366
49017,UT,Garfield,1.782178164
49019,UT,Grand,1.224989772
49021,UT,Iron,0.880064785
49023,UT,Juab,1.154924989
49025,UT,Kane,1.010866761
49027,UT,Millard,0.975463331
49033,UT,Rich,4.486133575
49035,UT,Salt Lake,0.854556382
49037,UT,San Juan,0.392721564
49039,UT,Sanpete,0.4459593
49041,UT,Sevier,0.964187324
49043,UT,Summit,1.129438281
49045,UT,Tooele,0.375778407
49047,UT,Uintah,0.556018889
49049,UT,Utah,0.692717552
49051,UT,Wasatch,0.566572249
49053,UT,Washington,0.789560497
49055,UT,Wayne,1.449800611
49057,UT,Weber,0.677687347
50001,VT,Addison,0.488453507
50003,VT,Bennington,0.707453728
50005,VT,Caledonia,0.706951678
50007,VT,Chittenden,0.712085962
50011,VT,Franklin,0.462916374
50015,VT,Lamoille,0.828696549
50017,VT,Orange,0.277421355
50019,VT,Orleans,0.334609807
50021,VT,Rutland,0.709784627
50023,VT,Washington,0.702921391
50025,VT,Windham,0.856836855
50027,VT,Windsor,0.691059887
51001,VA,Accomack,0.651405156
51003,VA,Albemarle,0.650688648
51005,VA,Alleghany,0.544180691
51007,VA,Amelia,0.461041957
51009,VA,Amherst,0.631572306
51011,VA,Appomattox,0.436327368
51013,VA,Arlington,1.032821178
51015,VA,Augusta,0.37886706
51019,VA,Bedford,0.37588805
51021,VA,Bland,0.641128361
51023,VA,Botetourt,0.475723237
51025,VA,Brunswick,0.249423206
51027,VA,Buchanan,0.485130757
51029,VA,Buckingham,0.174743712
51031,VA,Campbell,0.578620017
51033,VA,Caroline,0.356448472
51035,VA,Carroll,0.332513124
51037,VA,Charlotte,0.253807098
51041,VA,Chesterfield,0.667141199
51043,VA,Clarke,0.410340577
51047,VA,Culpeper,0.65336293
51051,VA,Dickenson,0.426196903
51053,VA,Dinwiddie,0.313720018
51057,VA,Essex,0.731060982
51059,VA,Fairfax,0.841119647
51061,VA,Fauquier,0.728689313
51063,VA,Floyd,0.253533632
51065,VA,Fluvanna,0.218802422
51067,VA,Franklin,0.462905258
51069,VA,Frederick,0.515809
51071,VA,Giles,0.840184867
51073,VA,Gloucester,0.667396367
51075,VA,Goochland,0.368384421
51079,VA,Greene,0.645770192
51083,VA,Halifax,0.683852196
51085,VA,Hanover,0.794369221
51087,VA,Henrico,0.943774998
51089,VA,Henry,0.596314788
51093,VA,Isle of Wight,0.636182904
51095,VA,James City,0.515384197
51099,VA,King George,0.620868504
51101,VA,King William,0.510175169
51103,VA,Lancaster,0.659257889
51105,VA,Lee,0.344263703
51107,VA,Loudoun,0.70958221
51109,VA,Louisa,0.340921015
51113,VA,Madison,0.375600964
51115,VA,Mathews,0.570385575
51117,VA,Mecklenburg,0.912676394
51119,VA,Middlesex,0.567698002
51121,VA,Montgomery,0.792755425
51125,VA,Nelson,0.338868171
51127,VA,New Kent,0.380581856
51131,VA,Northampton,0.85667783
51133,VA,Northumberland,0.248570725
51135,VA,Nottoway,0.659630597
51137,VA,Orange,0.769332826
51139,VA,Page,0.752099633
51141,VA,Patrick,0.400160074
51143,VA,Pittsylvania,0.317460328
51145,VA,Powhatan,0.398036361
51147,VA,Prince Edward,0.608536899
51149,VA,Prince George,0.413586318
51153,VA,Prince William,0.70236975
51155,VA,Pulaski,1.031383514
51157,VA,Rappahannock,0.550964177
51161,VA,Roanoke,0.634860158
51163,VA,Rockbridge,0.527310252
51165,VA,Rockingham,0.364316434
51167,VA,Russell,0.637970507
51169,VA,Scott,0.647279143
51171,VA,Shenandoah,0.546634793
51173,VA,Smyth,0.598205388
51175,VA,Southampton,0.170106605
51177,VA,Spotsylvania,0.657281756
51179,VA,Stafford,0.567790329
51183,VA,Sussex,0.640732288
51185,VA,Tazewell,0.764884412
51187,VA,Warren,0.667078435
51191,VA,Washington,0.633206069
51193,VA,Westmoreland,0.165298358
51195,VA,Wise,0.752566814
51197,VA,Wythe,0.803633809
51199,VA,York,0.953770995
51510,VA,Alexandria,0.781220496
51520,VA,Bristol,2.019735813
51530,VA,Buena Vista,0.781005919
51540,VA,Charlottesville,1.640042543
51550,VA,Chesapeake,0.870406568
51570,VA,Colonial Heights,2.266782999
51580,VA,Covington,1.418691278
51590,VA,Danville,1.730667949
51595,VA,Emporia,1.902225614
51600,VA,Fairfax,3.32920742
51610,VA,Falls Church,2.050440788
51620,VA,Franklin,1.531980038
51630,VA,Fredericksburg,1.627560019
51640,VA,Galax,2.223634005
51650,VA,Hampton,0.907990336
51660,VA,Harrisonburg,1.334486127
51670,VA,Hopewell,0.849161983
51678,VA,Lexington,1.37381506
51680,VA,Lynchburg,1.177033186
51683,VA,Manassas,1.443637013
51685,VA,Manassas Park,0.333259284
51690,VA,Martinsville,1.618777871
51700,VA,Newport News,0.949391842
51710,VA,Norfolk,1.037878394
51720,VA,Norton,3.011292458
51730,VA,Petersburg,1.280956507
51735,VA,Poquoson,0.734274268
51740,VA,Portsmouth,0.925400138
51750,VA,Radford,0.438236088
51760,VA,Richmond,0.826780796
51770,VA,Roanoke,0.888368428
51775,VA,Salem,1.381215453
51790,VA,Staunton,1.071853876
51800,VA,Suffolk,0.734722555
51810,VA,Virginia Beach,1.030514359
51820,VA,Waynesboro,1.275229812
51830,VA,Williamsburg,1.57284224
51840,VA,Winchester,1.94945848
53001,WA,Adams,0.449393332
53003,WA,Asotin,0.438212097
53005,WA,Benton,0.620076954
53007,WA,Chelan,0.709000409
53009,WA,Clallam,0.486761361
53011,WA,Clark,0.515230477
53015,WA,Cowlitz,0.610571861
53017,WA,Douglas,0.275482088
53021,WA,Franklin,0.453257799
53025,WA,Grant,0.533322573
53027,WA,Grays Harbor,0.605661631
53029,WA,Island,0.360406458
53031,WA,Jefferson,0.550458729
53033,WA,King,0.761547983
53035,WA,Kitsap,0.579206467
53037,WA,Kittitas,0.833265603
53039,WA,Klickitat,0.308410794
53041,WA,Lewis,0.596767724
53043,WA,Lincoln,0.450856626
53045,WA,Mason,0.425070345
53047,WA,Okanogan,0.492726415
53049,WA,Pacific,0.522102356
53051,WA,Pend Oreille,0.212104067
53053,WA,Pierce,0.594163418
53055,WA,San Juan,0.628858924
53057,WA,Skagit,0.604026318
53059,WA,Skamania,0.330387384
53061,WA,Snohomish,0.651498735
53063,WA,Spokane,0.675848365
53065,WA,Stevens,0.496117353
53067,WA,Thurston,0.564483762
53071,WA,Walla Walla,0.522090971
53073,WA,Whatcom,0.558402896
53075,WA,Whitman,0.525252521
53077,WA,Yakima,0.56773293
54001,WV,Barbour,0.486499637
54003,WV,Berkeley,0.614124894
54005,WV,Boone,0.189978629
54007,WV,Braxton,0.510874331
54009,WV,Brooke,0.922764599
54011,WV,Cabell,1.05907917
54019,WV,Fayette,0.546811879
54023,WV,Grant,0.43440488
54025,WV,Greenbrier,0.845012963
54027,WV,Hampshire,0.344976276
54029,WV,Hancock,0.910013676
54031,WV,Hardy,0.366757125
54033,WV,Harrison,0.897263348
54035,WV,Jackson,0.773204923
54037,WV,Jefferson,0.591448367
54039,WV,Kanawha,1.077995777
54041,WV,Lewis,1.075608969
54045,WV,Logan,0.788942158
54047,WV,McDowell,0.295578152
54049,WV,Marion,0.78624779
54051,WV,Marshall,0.597947061
54053,WV,Mason,0.455667377
54055,WV,Mercer,0.532115757
54057,WV,Mineral,0.486490518
54059,WV,Mingo,0.217855424
54061,WV,Monongalia,1.151480556
54065,WV,Morgan,0.22380127
54067,WV,Nicholas,0.739523411
54069,WV,Ohio,1.189840198
54071,WV,Pendleton,0.577034056
54073,WV,Pleasants,0.672223687
54077,WV,Preston,0.269622535
54079,WV,Putnam,0.99241513
54081,WV,Raleigh,0.69939661
54083,WV,Randolph,0.457956105
54085,WV,Ritchie,0.421096951
54087,WV,Roane,0.370864868
54089,WV,Summers,0.401800066
54091,WV,Taylor,0.538954437
54093,WV,Tucker,0.733568072
54095,WV,Tyler,0.468768299
54097,WV,Upshur,0.619067252
54099,WV,Wayne,0.460900307
54103,WV,Wetzel,0.805152953
54107,WV,Wood,0.976633132
54109,WV,Wyoming,0.248471901
55001,WI,Adams,0.243926242
55003,WI,Ashland,0.583846927
55005,WI,Barron,0.510090947
55009,WI,Brown,0.699142158
55011,WI,Buffalo,0.230184913
55013,WI,Burnett,0.38567847
55015,WI,Calumet,0.338584721
55017,WI,Chippewa,0.525201976
55019,WI,Clark,0.316820264
55021,WI,Columbia,0.554900467
55023,WI,Crawford,0.436926544
55025,WI,Dane,0.814426601
55027,WI,Dodge,0.412201166
55029,WI,Door,0.968123615
55031,WI,Douglas,0.549173951
55033,WI,Dunn,0.484027117
55035,WI,Eau Claire,0.788523674
55039,WI,Fond du Lac,0.612232983
55041,WI,Forest,0.334821433
55043,WI,Grant,0.372395694
55045,WI,Green,0.573723495
55047,WI,Green Lake,0.423101336
55049,WI,Iowa,0.423011839
55053,WI,Jackson,0.581677198
55055,WI,Jefferson,0.611491323
55057,WI,Juneau,0.445964038
55059,WI,Kenosha,0.660100996
55061,WI,Kewaunee,0.392426163
55063,WI,La Crosse,0.784796894
55065,WI,Lafayette,0.36044696
55067,WI,Langlade,0.627647877
55069,WI,Lincoln,0.652978301
55071,WI,Manitowoc,0.507891357
55073,WI,Marathon,0.553125918
55075,WI,Marinette,0.670607507
55077,WI,Marquette,0.320821315
55079,WI,Milwaukee,0.686760843
55081,WI,Monroe,0.407882869
55083,WI,Oconto,0.390798002
55085,WI,Oneida,0.615367413
55087,WI,Outagamie,0.693980932
55089,WI,Ozaukee,0.732983112
55091,WI,Pepin,0.687663317
55093,WI,Pierce,0.374707252
55095,WI,Polk,0.548020303
55097,WI,Portage,0.675751746
55099,WI,Price,0.377500951
55101,WI,Racine,0.704793632
55103,WI,Richland,0.405608982
55105,WI,Rock,0.686762631
55107,WI,Rusk,0.427899003
55109,WI,St. Croix,0.566214442
55111,WI,Sauk,0.83787179
55113,WI,Sawyer,0.479041904
55115,WI,Shawano,0.514882565
55117,WI,Sheboygan,0.650815666
55119,WI,Taylor,0.344522089
55121,WI,Trempealeau,0.404299051
55123,WI,Vernon,0.291630208
55125,WI,Vilas,0.581499398
55127,WI,Walworth,0.71186018
55129,WI,Washburn,0.254582494
55131,WI,Washington,0.615632653
55133,WI,Waukesha,0.69921118
55135,WI,Waupaca,0.592136443
55137,WI,Waushara,0.369974524
55139,WI,Winnebago,0.658389211
55141,WI,Wood,0.592612982
56001,WY,Albany,0.641848505
56003,WY,Big Horn,0.345572352
56005,WY,Campbell,0.642728627
56007,WY,Carbon,0.543810725
56009,WY,Converse,0.36221385
56013,WY,Fremont,0.559554398
56015,WY,Goshen,0.528900623
56017,WY,Hot Springs,0.903954804
56019,WY,Johnson,0.698649287
56021,WY,Laramie,0.626273692
56023,WY,Lincoln,0.543129385
56025,WY,Natrona,0.631070971
56029,WY,Park,0.579591572
56031,WY,Platte,0.46630916
56033,WY,Sheridan,0.680426419
56037,WY,Sweetwater,0.60928458
56039,WY,Teton,0.680938005
56041,WY,Uinta,0.69255501
